player_id,games_played,games_completed,completion_rate,average_time,best_time,average_score,average_accuracy,average_mistakes,average_hints,average_undos,average_moves,hard_completion_rate,medium_completion_rate,easy_completion_rate,recent_accuracy,recent_error_rate,average_moves_per_minute,skill_level
1,17,16,0.9412,510.94,223,484.0,0.8619,7.47,1.24,1.59,47.18,1.0,1.0,1.0,0.8521,0.1564,5.54,ADVANCED
2,39,23,0.5897,666.87,322,51.03,0.7576,13.62,4.21,2.77,40.28,0.3,0.5,1.0,0.7146,0.2812,3.62,BEGINNER
3,37,33,0.8919,527.22,209,1148.51,0.9441,3.3,0.43,0.76,54.05,0.75,0.9444,1.0,0.9583,0.0403,6.15,ADVANCED
4,17,16,0.9412,566.35,225,488.94,0.8731,7.35,2.06,1.47,48.82,1.0,1.0,1.0,0.8577,0.1457,5.17,INTERMEDIATE
5,44,25,0.5682,740.68,269,60.02,0.7894,11.91,3.86,3.16,41.43,0.1429,0.6875,1.0,0.7389,0.2671,3.36,BEGINNER
6,26,24,0.9231,475.08,138,482.65,0.8924,5.5,1.5,1.54,45.15,0.6667,1.0,1.0,0.9209,0.0816,5.7,ADVANCED
7,39,36,0.9231,459.1,230,413.74,0.8795,6.41,2.05,1.62,44.82,0.75,1.0,1.0,0.8741,0.1245,5.86,INTERMEDIATE
8,22,14,0.6364,551.68,236,25.91,0.7381,14.64,3.86,3.59,37.91,0.3333,0.4286,0.9091,0.6968,0.3364,4.12,BEGINNER
9,10,10,1.0,468.3,175,1304.7,0.9387,3.7,0.9,1.0,54.8,1.0,1.0,1.0,0.9504,0.0493,7.02,ADVANCED
10,41,22,0.5366,555.61,255,100.56,0.7538,13.05,3.41,3.12,38.61,0.75,0.3889,0.7059,0.7598,0.2531,4.17,BEGINNER
11,33,19,0.5758,573.85,332,104.85,0.7882,10.33,3.85,3.12,38.06,0.3333,0.6364,0.6667,0.8137,0.1798,3.98,BEGINNER
12,17,14,0.8235,456.0,245,274.76,0.87,6.88,1.53,1.29,43.53,0.0,0.8571,1.0,0.8881,0.113,5.73,INTERMEDIATE
13,27,19,0.7037,734.15,263,104.07,0.7546,15.04,3.56,2.96,43.11,0.4286,0.7778,1.0,0.7768,0.2305,3.52,BEGINNER
14,19,14,0.7368,623.26,308,136.84,0.7909,12.26,3.53,3.47,43.53,0.5,0.6667,0.875,0.8139,0.2044,4.19,BEGINNER
15,13,11,0.8462,552.92,179,485.38,0.8973,5.0,1.46,2.0,44.38,1.0,0.6667,1.0,0.864,0.1354,4.82,INTERMEDIATE
16,42,39,0.9286,458.64,188,435.57,0.8891,5.71,1.86,1.55,44.45,0.5,0.9474,1.0,0.8837,0.1179,5.82,INTERMEDIATE
17,18,16,0.8889,420.39,180,394.17,0.8772,6.11,1.44,1.39,43.78,1.0,1.0,0.9,0.8382,0.1689,6.25,ADVANCED
18,32,25,0.7812,437.78,194,296.16,0.8782,5.84,1.59,1.47,41.28,0.4,0.7,0.9412,0.8742,0.1357,5.66,INTERMEDIATE
19,43,35,0.814,497.07,183,445.35,0.8525,7.91,1.6,1.56,46.12,0.6667,0.8,1.0,0.8598,0.1405,5.57,INTERMEDIATE
20,11,8,0.7273,513.0,344,83.64,0.7741,12.09,3.18,3.73,38.64,1.0,0.5,0.8333,0.7633,0.2432,4.52,INTERMEDIATE
21,26,14,0.5385,546.42,334,41.92,0.7626,11.46,3.73,3.46,36.27,0.25,0.2222,0.9167,0.7273,0.2616,3.98,BEGINNER
22,35,22,0.6286,491.14,190,64.57,0.7826,10.94,3.46,3.57,36.29,0.25,0.2727,0.9,0.8239,0.1778,4.43,BEGINNER
23,12,10,0.8333,442.17,261,279.33,0.8603,7.17,1.25,1.67,42.08,0.5,0.75,1.0,0.8398,0.1583,5.71,INTERMEDIATE
24,21,19,0.9048,516.43,222,1205.52,0.9523,2.57,0.48,0.52,52.05,0.75,1.0,1.0,0.9402,0.0579,6.05,ADVANCED
25,19,14,0.7368,439.21,144,230.95,0.8578,7.42,1.63,1.47,44.0,0.0,0.8571,1.0,0.8425,0.1605,6.01,INTERMEDIATE
26,25,17,0.68,402.28,157,279.88,0.8883,5.2,2.2,0.92,40.24,0.25,0.8571,0.7692,0.8945,0.1116,6.0,INTERMEDIATE
27,15,11,0.7333,626.93,257,111.33,0.7354,15.6,4.13,2.8,42.2,0.4,1.0,0.8333,0.6821,0.3284,4.04,BEGINNER
28,30,24,0.8,389.57,143,362.67,0.8886,5.47,1.67,1.23,41.7,1.0,0.8462,0.8,0.8661,0.1286,6.42,INTERMEDIATE
29,37,28,0.7568,454.3,196,349.57,0.8793,6.24,1.46,1.19,42.65,0.5,0.75,0.9412,0.8844,0.1205,5.63,INTERMEDIATE
30,28,25,0.8929,589.36,250,1252.32,0.9411,3.36,0.64,0.61,53.11,0.8571,1.0,1.0,0.9496,0.0515,5.41,ADVANCED
31,37,27,0.7297,566.19,205,50.65,0.7514,14.81,3.22,2.97,41.65,0.0,0.7143,0.9231,0.7384,0.2778,4.41,BEGINNER
32,14,8,0.5714,505.71,223,161.21,0.8715,6.0,1.86,1.86,38.0,0.2,0.6667,1.0,0.8918,0.1122,4.51,INTERMEDIATE
33,22,22,1.0,513.09,157,1388.5,0.9475,3.23,0.45,0.27,55.55,1.0,1.0,1.0,0.9393,0.0608,6.5,ADVANCED
34,12,9,0.75,391.83,231,298.25,0.8806,5.75,1.83,1.58,40.0,0.0,0.8333,0.8,0.9009,0.1179,6.13,INTERMEDIATE
35,20,15,0.75,532.95,209,506.9,0.8848,6.5,1.85,1.35,47.0,0.25,0.9,1.0,0.8605,0.1445,5.29,INTERMEDIATE
36,19,16,0.8421,471.0,236,493.0,0.8989,5.0,1.68,1.89,42.53,0.75,1.0,0.8,0.8876,0.1128,5.42,INTERMEDIATE
37,41,37,0.9024,485.78,174,391.71,0.8648,7.34,1.56,1.78,44.44,0.625,0.9231,1.0,0.8711,0.1284,5.49,INTERMEDIATE
38,23,22,0.9565,432.78,165,422.26,0.8862,5.91,1.78,1.22,44.91,0.5,1.0,1.0,0.9011,0.0992,6.23,INTERMEDIATE
39,15,14,0.9333,515.4,208,2069.33,0.9769,1.4,0.2,0.07,61.8,1.0,1.0,0.0,0.9815,0.0171,7.19,EXPERT
40,24,21,0.875,443.58,139,1045.04,0.9527,2.62,0.71,0.58,51.0,1.0,0.8889,1.0,0.9425,0.0607,6.9,ADVANCED
41,16,12,0.75,552.38,176,1194.94,0.9525,2.5,0.56,0.56,52.44,0.6667,1.0,1.0,0.9573,0.0363,5.7,ADVANCED
42,37,29,0.7838,483.11,163,453.54,0.8828,6.41,1.43,1.81,45.86,0.5,0.9375,1.0,0.8552,0.1524,5.7,INTERMEDIATE
43,38,20,0.5263,657.58,358,52.76,0.7674,12.76,3.82,3.11,40.0,0.2,0.4706,1.0,0.7772,0.2242,3.65,BEGINNER
44,21,13,0.619,572.67,238,24.29,0.7774,12.43,5.33,2.57,39.1,0.1667,0.3333,0.9167,0.8027,0.2119,4.1,BEGINNER
45,13,8,0.6154,490.31,217,426.69,0.8762,6.23,1.69,1.23,43.92,0.5,0.5,0.8,0.8831,0.1124,5.37,INTERMEDIATE
46,30,18,0.6,549.6,224,89.67,0.7669,12.13,3.63,3.0,37.53,0.2,0.0,1.0,0.7863,0.2227,4.1,BEGINNER
47,45,43,0.9556,554.4,160,1356.98,0.9485,3.13,0.82,0.67,56.0,1.0,1.0,1.0,0.9529,0.0485,6.06,ADVANCED
48,14,9,0.6429,452.5,258,327.71,0.868,5.64,1.71,1.29,39.93,0.5,0.3333,1.0,0.8458,0.1391,5.29,INTERMEDIATE
49,24,19,0.7917,575.29,130,1185.46,0.9475,2.96,0.71,0.62,54.67,0.8889,1.0,1.0,0.9476,0.0537,5.7,ADVANCED
50,45,45,1.0,354.98,116,1624.13,0.985,0.84,0.07,0.27,54.62,1.0,1.0,1.0,0.9891,0.01,9.23,EXPERT
51,26,20,0.7692,688.19,269,215.0,0.7539,14.73,3.58,2.96,44.31,0.6,0.8,1.0,0.7868,0.2052,3.86,BEGINNER
52,45,42,0.9333,374.64,127,1674.09,0.9817,0.98,0.11,0.22,55.8,0.95,1.0,1.0,0.9848,0.0166,8.94,EXPERT
53,38,32,0.8421,491.24,219,462.42,0.8833,6.45,1.63,1.24,46.0,0.6667,0.8947,0.9167,0.8757,0.1281,5.62,INTERMEDIATE
54,33,19,0.5758,537.33,231,61.94,0.7713,11.58,3.94,3.03,38.45,0.0,0.6429,0.8333,0.804,0.2036,4.29,BEGINNER
55,21,21,1.0,350.81,107,1732.05,0.983,1.05,0.05,0.29,56.38,1.0,1.0,1.0,0.988,0.0136,9.64,EXPERT
56,37,32,0.8649,473.54,208,425.22,0.8755,6.3,2.16,1.32,43.76,0.5,1.0,0.9474,0.8643,0.1386,5.54,INTERMEDIATE
57,43,38,0.8837,509.26,94,432.84,0.8673,7.28,2.14,1.49,46.44,0.5714,0.9545,1.0,0.8391,0.1667,5.47,INTERMEDIATE
58,36,35,0.9722,382.42,123,1619.69,0.9825,0.94,0.08,0.06,55.31,1.0,1.0,1.0,0.9796,0.0221,8.68,EXPERT
59,42,34,0.8095,552.45,137,516.5,0.8758,6.76,1.69,1.74,46.67,0.7778,0.8095,0.9091,0.8876,0.1183,5.07,INTERMEDIATE
60,39,32,0.8205,421.18,158,354.05,0.8856,5.85,1.67,1.18,43.38,0.2857,0.9167,1.0,0.9133,0.0948,6.18,INTERMEDIATE
61,19,9,0.4737,477.63,269,15.26,0.7749,10.32,4.0,3.16,35.0,0.0,0.2,0.8,0.8285,0.1711,4.4,BEGINNER
62,15,10,0.6667,537.13,291,33.33,0.761,13.33,4.13,3.07,40.8,0.0,0.6,1.0,0.7546,0.2523,4.56,BEGINNER
63,30,25,0.8333,433.93,214,425.7,0.8813,5.87,1.73,1.5,43.5,1.0,0.9231,0.7857,0.9173,0.0781,6.01,INTERMEDIATE
64,35,23,0.6571,591.63,237,105.94,0.7825,11.09,3.6,3.97,38.6,0.2222,0.5556,1.0,0.7616,0.2238,3.91,BEGINNER
65,18,13,0.7222,619.83,242,77.78,0.8093,10.28,4.39,3.83,41.33,0.0,0.75,1.0,0.8132,0.186,4.0,BEGINNER
66,41,21,0.5122,551.17,293,46.1,0.7701,11.63,4.0,3.12,37.46,0.0,0.5,0.75,0.7821,0.2273,4.08,BEGINNER
67,11,9,0.8182,681.64,238,99.09,0.7603,14.18,3.36,3.82,43.27,0.5,1.0,1.0,0.8012,0.2036,3.81,INTERMEDIATE
68,20,17,0.85,601.4,212,1298.9,0.9415,3.55,1.1,0.6,54.85,1.0,1.0,1.0,0.9479,0.05,5.47,ADVANCED
69,35,28,0.8,655.29,262,65.14,0.7519,15.37,3.31,3.94,42.97,0.3333,1.0,0.8824,0.7915,0.2388,3.93,INTERMEDIATE
70,22,16,0.7273,522.73,151,978.0,0.9512,2.91,0.59,0.45,52.59,0.6,1.0,1.0,0.9504,0.049,6.04,ADVANCED
71,16,14,0.875,467.88,180,1063.88,0.9473,3.0,0.81,1.0,49.88,0.8,1.0,1.0,0.9485,0.0516,6.4,ADVANCED
72,20,16,0.8,548.05,277,66.15,0.776,11.65,3.85,3.2,38.25,1.0,0.4,1.0,0.7284,0.2679,4.19,INTERMEDIATE
73,29,29,1.0,459.79,198,1173.66,0.9464,3.14,0.86,0.55,53.66,1.0,1.0,1.0,0.9501,0.0505,7.0,ADVANCED
74,43,42,0.9767,551.35,203,1412.91,0.946,3.33,0.65,0.74,57.0,1.0,1.0,1.0,0.9152,0.085,6.2,ADVANCED
75,25,23,0.92,520.24,128,1256.48,0.9519,2.8,0.48,0.48,54.2,0.9167,1.0,1.0,0.9641,0.0342,6.25,ADVANCED
76,34,27,0.7941,461.68,177,464.68,0.8895,5.71,1.91,1.62,45.21,0.6,0.8333,0.8667,0.9073,0.092,5.88,INTERMEDIATE
77,21,18,0.8571,412.43,204,338.0,0.8749,6.33,1.95,1.48,41.95,0.4,1.0,1.0,0.852,0.1481,6.1,INTERMEDIATE
78,35,27,0.7714,373.29,169,250.57,0.8753,5.86,2.17,2.0,39.49,0.5,0.5714,0.9545,0.85,0.1581,6.35,INTERMEDIATE
79,19,17,0.8947,497.53,159,1187.84,0.9527,2.63,0.47,0.37,53.37,1.0,1.0,1.0,0.9517,0.0479,6.44,ADVANCED
80,23,15,0.6522,497.3,184,311.96,0.8789,5.78,2.09,1.74,41.13,0.3333,0.75,0.9091,0.8707,0.1224,4.96,INTERMEDIATE
81,36,30,0.8333,539.58,160,1007.17,0.9493,2.75,0.67,0.39,51.28,0.8182,0.9286,1.0,0.9617,0.039,5.7,ADVANCED
82,26,22,0.8462,747.04,217,208.54,0.78,13.81,3.5,3.62,46.54,0.5,1.0,1.0,0.7857,0.236,3.74,INTERMEDIATE
83,13,8,0.6154,610.85,280,113.08,0.7637,12.08,3.38,3.85,37.54,1.0,0.5,0.8333,0.7904,0.2043,3.69,BEGINNER
84,25,24,0.96,318.04,116,1334.76,0.9826,0.88,0.2,0.28,50.52,1.0,1.0,1.0,0.992,0.0124,9.53,EXPERT
85,40,33,0.825,603.52,300,1195.08,0.9411,3.33,0.57,0.78,53.67,0.8182,0.9375,1.0,0.9388,0.061,5.34,ADVANCED
86,29,23,0.7931,460.79,183,343.1,0.8843,5.31,1.24,1.55,40.9,0.0,0.9091,1.0,0.9087,0.0917,5.33,INTERMEDIATE
87,17,12,0.7059,649.65,272,68.82,0.7548,14.88,5.29,3.47,42.53,0.5,0.875,0.6667,0.7748,0.2398,3.93,BEGINNER
88,40,27,0.675,560.4,157,54.12,0.7764,11.62,3.92,3.33,38.98,0.0,0.75,0.8571,0.7488,0.25,4.17,BEGINNER
89,41,32,0.7805,561.71,148,431.37,0.8718,6.56,1.95,1.68,43.85,0.6667,0.8333,0.9286,0.8848,0.1187,4.68,INTERMEDIATE
90,13,9,0.6923,567.62,219,413.69,0.8778,6.77,1.85,1.92,45.77,0.0,1.0,1.0,0.9011,0.1074,4.84,INTERMEDIATE
91,20,16,0.8,427.85,174,869.5,0.9531,2.4,0.2,0.65,48.8,0.8,0.8889,1.0,0.9488,0.0516,6.84,ADVANCED
92,41,35,0.8537,497.98,140,1083.46,0.9499,2.76,0.44,0.56,52.02,0.8667,0.9375,1.0,0.9091,0.0863,6.27,ADVANCED
93,36,20,0.5556,631.19,274,66.39,0.7704,12.28,4.14,3.39,38.39,0.1667,0.6154,0.9167,0.7605,0.2603,3.65,BEGINNER
94,31,27,0.871,501.16,183,421.84,0.8804,6.16,1.87,1.52,44.68,1.0,0.8333,0.9333,0.8633,0.1423,5.35,INTERMEDIATE
95,40,26,0.65,515.83,166,46.05,0.7575,12.93,4.38,3.35,36.92,0.4,0.6667,0.75,0.7914,0.2192,4.3,BEGINNER
96,42,42,1.0,360.52,134,1764.71,0.9844,0.9,0.12,0.14,57.05,1.0,1.0,1.0,0.9911,0.0085,9.49,EXPERT
97,41,31,0.7561,493.46,208,477.02,0.8795,6.02,1.66,1.46,43.34,0.5,0.8125,0.8571,0.8579,0.1468,5.27,INTERMEDIATE
98,10,10,1.0,406.5,199,412.2,0.8677,6.7,2.1,1.5,43.2,1.0,0.0,1.0,0.8792,0.122,6.38,INTERMEDIATE
99,17,14,0.8235,514.12,160,1148.94,0.9535,2.76,0.35,0.65,53.12,0.4,1.0,1.0,0.9641,0.0381,6.2,ADVANCED
100,26,22,0.8462,443.42,205,526.23,0.8911,5.92,1.54,1.46,45.77,0.6667,0.8,1.0,0.946,0.0515,6.19,INTERMEDIATE
101,34,31,0.9118,564.0,137,1178.59,0.9507,2.91,0.5,0.56,54.18,1.0,1.0,1.0,0.9582,0.0453,5.76,ADVANCED
102,44,41,0.9318,554.23,163,1209.61,0.9542,2.61,0.57,0.59,53.07,1.0,0.8824,1.0,0.9548,0.0469,5.75,ADVANCED
103,16,10,0.625,534.81,318,41.88,0.7699,10.38,4.31,3.06,35.06,0.0,0.2857,1.0,0.7788,0.2256,3.93,BEGINNER
104,38,33,0.8684,545.39,195,1212.79,0.9431,3.34,0.58,0.66,53.21,0.8,1.0,1.0,0.9498,0.0521,5.85,ADVANCED
105,16,10,0.625,554.44,370,45.62,0.7829,11.5,2.88,3.19,38.31,0.5,0.4286,0.8571,0.7908,0.2295,4.15,BEGINNER
106,22,20,0.9091,461.59,170,1115.32,0.9521,2.64,0.73,0.59,50.95,0.7143,1.0,1.0,0.9448,0.0554,6.62,ADVANCED
107,32,30,0.9375,513.31,168,1154.91,0.9448,3.25,0.41,0.66,53.19,1.0,0.9333,1.0,0.9379,0.064,6.22,ADVANCED
108,32,24,0.75,581.16,247,63.56,0.7461,14.41,3.81,2.62,39.59,0.3333,0.6667,0.9412,0.7154,0.2978,4.09,BEGINNER
109,31,28,0.9032,525.29,174,1121.84,0.9499,2.9,0.55,0.68,51.84,0.7692,1.0,1.0,0.9543,0.0493,5.92,ADVANCED
110,24,16,0.6667,527.33,286,63.75,0.7589,12.83,4.38,3.12,38.88,0.25,0.5,0.9167,0.7669,0.2437,4.42,BEGINNER
111,23,23,1.0,395.52,155,1838.39,0.9812,1.13,0.09,0.09,58.7,1.0,1.0,1.0,0.9938,0.0061,8.9,EXPERT
112,16,13,0.8125,466.0,211,355.31,0.8601,7.25,1.56,1.31,43.5,0.5,0.75,1.0,0.8682,0.1338,5.6,INTERMEDIATE
113,43,28,0.6512,547.56,252,91.33,0.7709,11.56,4.0,3.12,38.33,0.25,0.5556,0.85,0.7913,0.217,4.2,BEGINNER
114,45,38,0.8444,500.04,196,478.6,0.8871,6.0,1.62,1.53,45.16,0.7,0.8667,1.0,0.8608,0.1454,5.42,INTERMEDIATE
115,35,29,0.8286,544.37,159,1193.83,0.9489,2.97,0.51,0.6,53.43,0.8182,1.0,0.8571,0.9487,0.0481,5.89,ADVANCED
116,10,7,0.7,612.6,381,104.0,0.7555,14.6,3.5,3.5,43.3,0.0,1.0,1.0,0.7718,0.24,4.24,BEGINNER
117,32,30,0.9375,344.56,86,1542.91,0.9856,0.81,0.19,0.28,55.09,0.9091,1.0,1.0,0.9709,0.0257,9.59,EXPERT
118,17,12,0.7059,668.76,214,421.35,0.8887,6.76,1.94,1.53,47.12,0.75,0.8333,1.0,0.8541,0.1586,4.23,INTERMEDIATE
119,30,27,0.9,621.77,179,1345.4,0.9393,3.67,0.67,0.93,57.13,0.7692,1.0,1.0,0.9454,0.0539,5.51,ADVANCED
120,21,18,0.8571,482.43,184,312.1,0.8759,6.48,1.76,1.14,44.43,0.0,1.0,1.0,0.8846,0.1198,5.53,INTERMEDIATE
121,11,8,0.7273,738.91,274,254.73,0.7926,12.55,4.09,2.36,48.36,0.6667,1.0,1.0,0.8129,0.1869,3.93,BEGINNER
122,27,21,0.7778,448.15,163,329.48,0.8671,6.48,2.11,1.7,41.48,0.3333,0.8571,0.9286,0.8769,0.1296,5.55,INTERMEDIATE
123,20,17,0.85,614.0,208,1428.95,0.954,2.85,0.4,0.75,55.8,0.8889,0.8333,1.0,0.9607,0.0357,5.45,ADVANCED
124,35,29,0.8286,416.37,171,317.03,0.8718,6.49,1.83,1.49,42.4,0.0,0.7692,1.0,0.9185,0.0815,6.11,INTERMEDIATE
125,38,20,0.5263,615.16,148,82.11,0.7865,10.92,3.79,3.13,37.97,0.2222,0.4667,0.8462,0.8133,0.2262,3.7,BEGINNER
126,35,29,0.8286,529.89,176,459.34,0.874,6.91,2.06,1.77,46.09,0.6667,0.8667,0.9167,0.8563,0.1429,5.22,INTERMEDIATE
127,21,17,0.8095,403.33,218,349.52,0.8807,5.67,1.86,1.19,41.52,0.6667,0.8,0.8462,0.8791,0.1324,6.18,INTERMEDIATE
128,15,13,0.8667,560.07,184,1041.93,0.9462,2.93,0.8,0.87,51.47,1.0,1.0,1.0,0.9502,0.0492,5.51,ADVANCED
129,39,25,0.641,412.33,139,264.72,0.8825,5.51,1.79,1.41,39.82,0.125,0.6429,1.0,0.8942,0.1117,5.79,INTERMEDIATE
130,12,10,0.8333,393.58,207,431.75,0.8741,7.0,1.5,1.0,45.75,0.3333,1.0,1.0,0.8881,0.1162,6.97,INTERMEDIATE
131,28,27,0.9643,563.25,199,1256.89,0.9433,3.5,0.61,0.61,55.5,0.9091,1.0,1.0,0.936,0.064,5.91,ADVANCED
132,22,19,0.8636,561.14,144,1241.86,0.9482,2.95,0.41,0.86,53.05,0.875,0.8333,1.0,0.9444,0.0532,5.67,ADVANCED
133,40,35,0.875,464.2,115,441.93,0.8854,5.95,1.57,1.32,44.6,0.7143,0.9167,0.95,0.9035,0.0978,5.76,INTERMEDIATE
134,28,27,0.9643,484.46,185,544.0,0.887,6.07,2.0,1.29,47.57,1.0,0.9286,1.0,0.8781,0.121,5.89,ADVANCED
135,21,17,0.8095,439.67,180,261.76,0.8772,6.14,2.1,1.33,40.05,0.5,0.625,1.0,0.8483,0.1654,5.47,INTERMEDIATE
136,30,26,0.8667,516.3,203,1007.87,0.9443,3.1,0.83,0.33,51.27,0.75,1.0,1.0,0.9657,0.0303,5.96,ADVANCED
137,39,36,0.9231,452.85,157,997.72,0.957,2.36,0.77,0.54,50.26,1.0,0.9333,1.0,0.9464,0.0522,6.66,ADVANCED
138,28,17,0.6071,605.0,321,96.79,0.7543,13.21,3.96,2.57,39.64,0.5,0.4,0.8462,0.8047,0.2043,3.93,BEGINNER
139,21,19,0.9048,595.14,220,1402.76,0.9441,3.48,0.81,0.62,55.9,0.75,1.0,1.0,0.9496,0.0513,5.64,ADVANCED
140,33,22,0.6667,459.24,202,345.39,0.8958,4.82,1.7,1.55,40.94,0.25,0.8462,0.7692,0.9112,0.0798,5.35,INTERMEDIATE
141,14,12,0.8571,654.36,182,1371.07,0.9392,3.86,0.71,0.79,56.14,0.8333,1.0,1.0,0.959,0.043,5.15,ADVANCED
142,40,26,0.65,503.65,207,40.5,0.7574,12.93,3.7,3.15,37.67,0.75,0.3333,0.8636,0.7441,0.2797,4.49,BEGINNER
143,38,24,0.6316,514.95,269,49.68,0.7818,10.74,3.89,3.97,36.53,0.0,0.6667,0.7619,0.822,0.1911,4.26,BEGINNER
144,22,12,0.5455,458.09,192,388.73,0.8777,5.55,1.5,1.36,40.23,0.5,0.5,0.8333,0.8963,0.1042,5.27,INTERMEDIATE
145,36,20,0.5556,619.31,247,37.86,0.7672,11.69,3.83,2.75,37.36,0.0,0.6667,0.8,0.7839,0.2019,3.62,BEGINNER
146,15,14,0.9333,634.07,169,1512.93,0.9528,3.07,0.27,0.4,60.07,1.0,1.0,1.0,0.9552,0.046,5.68,ADVANCED
147,35,28,0.8,540.8,169,453.54,0.8823,6.2,1.91,1.29,45.11,0.625,0.9167,1.0,0.8621,0.1401,5.01,INTERMEDIATE
148,15,14,0.9333,496.33,192,459.93,0.8963,5.47,1.4,1.6,46.0,0.5,1.0,1.0,0.8974,0.1051,5.56,INTERMEDIATE
149,33,28,0.8485,553.48,181,543.97,0.8888,5.88,1.67,1.7,45.27,0.7273,0.8571,1.0,0.8515,0.1513,4.91,INTERMEDIATE
150,28,24,0.8571,502.14,200,569.25,0.8835,6.32,1.86,1.54,46.54,0.875,0.8571,0.9167,0.8825,0.1181,5.56,INTERMEDIATE
151,32,22,0.6875,575.84,309,49.06,0.7583,13.91,3.41,2.97,40.44,0.0,0.7273,0.9333,0.706,0.2943,4.21,BEGINNER
152,32,17,0.5312,576.28,284,61.56,0.7661,12.41,4.03,2.94,37.75,0.0,0.6154,0.8182,0.7771,0.232,3.93,BEGINNER
153,22,21,0.9545,549.36,256,1428.45,0.9498,3.14,0.68,0.59,56.64,0.875,1.0,1.0,0.9559,0.0426,6.19,ADVANCED
154,41,37,0.9024,594.07,182,1272.73,0.945,3.41,0.71,0.66,54.88,0.8182,1.0,1.0,0.9157,0.0887,5.54,ADVANCED
155,17,14,0.8235,557.35,298,75.29,0.762,13.88,3.88,3.0,42.65,0.0,0.7778,0.875,0.7752,0.2343,4.59,BEGINNER
156,14,11,0.7857,380.5,277,38.86,0.7463,13.43,3.93,2.86,38.36,0.0,0.3333,1.0,0.7539,0.25,6.05,BEGINNER
157,21,12,0.5714,467.43,337,65.24,0.7808,11.19,4.1,3.24,37.38,0.0,0.5,0.8333,0.8279,0.1623,4.8,BEGINNER
158,37,24,0.6486,539.3,268,36.81,0.7501,13.78,4.14,2.95,38.73,0.0,0.7143,0.7778,0.7814,0.2241,4.31,BEGINNER
159,19,17,0.8947,616.95,220,1395.05,0.9397,3.84,0.63,0.53,58.37,0.875,1.0,1.0,0.9501,0.0521,5.68,ADVANCED
160,15,15,1.0,398.93,190,1003.4,0.949,2.67,0.27,0.53,49.73,1.0,1.0,1.0,0.9573,0.0423,7.48,EXPERT
161,39,24,0.6154,626.54,314,55.38,0.7767,12.1,3.9,3.33,38.38,0.1667,0.5385,0.9412,0.7638,0.2434,3.68,BEGINNER
162,25,23,0.92,513.56,198,1150.96,0.9418,3.48,0.68,0.52,53.12,0.9,0.9,1.0,0.9365,0.0657,6.21,ADVANCED
163,38,32,0.8421,497.58,189,421.03,0.8733,6.63,1.84,1.76,44.29,0.5,0.7692,1.0,0.839,0.1633,5.34,INTERMEDIATE
164,36,26,0.7222,576.31,265,40.0,0.7481,15.33,3.94,3.86,42.75,0.5,0.7692,0.9333,0.7964,0.2193,4.45,BEGINNER
165,16,14,0.875,553.44,138,1251.31,0.948,3.0,0.56,0.19,54.06,0.7778,1.0,1.0,0.9492,0.0523,5.86,ADVANCED
166,15,12,0.8,439.73,222,295.33,0.8467,8.8,1.8,1.6,46.33,0.5,1.0,1.0,0.8917,0.1159,6.32,INTERMEDIATE
167,37,29,0.7838,585.78,303,107.97,0.771,13.24,2.95,3.0,41.57,0.4,0.8,0.9,0.7841,0.2154,4.26,INTERMEDIATE
168,19,15,0.7895,419.58,207,195.89,0.863,6.79,2.21,1.58,41.05,0.0,1.0,0.9091,0.8663,0.1429,5.87,INTERMEDIATE
169,43,31,0.7209,391.67,171,316.84,0.8743,5.74,1.51,1.72,39.37,0.5,0.6667,0.8696,0.8563,0.1463,6.03,INTERMEDIATE
170,31,21,0.6774,405.13,163,302.9,0.8915,5.19,1.94,1.29,41.84,0.3333,0.6429,0.9167,0.8732,0.1245,6.2,INTERMEDIATE
171,45,37,0.8222,485.4,153,985.78,0.9439,3.04,0.84,0.69,49.82,0.5,0.95,1.0,0.9431,0.0584,6.16,ADVANCED
172,10,5,0.5,569.2,229,137.3,0.7781,9.3,5.2,4.1,35.2,0.0,0.5,0.6667,0.7916,0.1985,3.71,BEGINNER
173,38,35,0.9211,551.13,174,1218.24,0.9398,3.42,0.58,0.5,54.08,1.0,1.0,1.0,0.9513,0.0473,5.89,ADVANCED
174,38,25,0.6579,592.16,328,110.29,0.7669,13.32,3.84,2.92,41.68,0.375,0.5833,0.8824,0.7293,0.2847,4.22,BEGINNER
175,17,10,0.5882,418.18,265,29.12,0.7724,10.71,3.71,3.0,35.59,0.0,0.2,0.9,0.7703,0.2271,5.11,BEGINNER
176,10,8,0.8,395.3,243,261.4,0.8853,5.6,1.6,1.3,41.5,0.0,0.75,1.0,0.8936,0.1081,6.3,INTERMEDIATE
177,25,23,0.92,526.88,134,1363.4,0.9566,2.52,0.6,0.52,54.08,0.8182,1.0,1.0,0.9292,0.0739,6.16,ADVANCED
178,24,21,0.875,602.88,311,112.5,0.7944,11.88,4.25,2.54,43.71,0.6667,0.75,1.0,0.829,0.1626,4.35,INTERMEDIATE
179,32,25,0.7812,420.91,168,319.06,0.8776,6.03,1.81,1.44,41.97,0.0,0.6923,0.9375,0.9196,0.0787,5.98,INTERMEDIATE
180,33,19,0.5758,589.82,330,67.27,0.7515,14.24,3.91,2.7,40.88,0.25,0.4545,0.9231,0.7147,0.3195,4.16,BEGINNER
181,31,23,0.7419,466.0,239,359.71,0.8842,5.84,1.84,1.48,42.87,0.4,0.7692,1.0,0.8939,0.1111,5.52,INTERMEDIATE
182,12,7,0.5833,461.83,309,14.17,0.7796,10.58,3.5,3.42,34.33,0.0,0.0,0.7778,0.7388,0.2647,4.46,BEGINNER
183,43,32,0.7442,507.12,259,10.7,0.7333,14.93,3.6,2.93,39.16,0.2,0.5833,0.9231,0.7314,0.2771,4.63,BEGINNER
184,35,34,0.9714,488.11,169,1068.0,0.9444,3.09,0.49,0.66,52.34,1.0,1.0,1.0,0.9425,0.0559,6.43,ADVANCED
185,42,40,0.9524,397.05,114,1631.55,0.9824,0.98,0.12,0.1,55.86,0.9,1.0,1.0,0.9962,0.0034,8.44,EXPERT
186,44,36,0.8182,404.48,198,317.43,0.8837,5.41,2.14,1.61,40.16,0.5,0.8182,0.8889,0.8903,0.1071,5.96,INTERMEDIATE
187,29,28,0.9655,581.17,177,1267.21,0.9511,3.03,0.79,0.66,55.86,0.9286,1.0,1.0,0.931,0.069,5.77,ADVANCED
188,26,24,0.9231,526.31,168,1329.58,0.9425,3.46,0.54,0.5,55.96,0.9091,1.0,1.0,0.94,0.0598,6.38,ADVANCED
189,21,17,0.8095,474.19,88,355.24,0.8735,6.33,1.9,1.62,42.9,0.3333,0.8,1.0,0.8619,0.1504,5.43,INTERMEDIATE
190,15,13,0.8667,454.53,202,353.6,0.8808,6.27,1.53,1.4,43.93,0.0,1.0,0.8571,0.874,0.1406,5.8,INTERMEDIATE
191,39,39,1.0,417.9,78,1965.95,0.9899,0.64,0.15,0.38,59.13,1.0,1.0,1.0,0.9859,0.0169,8.49,EXPERT
192,13,12,0.9231,414.92,259,1738.85,0.9837,0.92,0.23,0.08,57.62,1.0,1.0,0.0,0.9843,0.0162,8.33,EXPERT
193,45,26,0.5778,560.27,330,48.31,0.7777,10.69,3.51,3.53,36.16,0.2857,0.3333,0.8261,0.7644,0.2581,3.87,BEGINNER
194,23,18,0.7826,544.13,146,1014.87,0.935,3.57,0.43,0.74,50.57,0.8,1.0,1.0,0.9168,0.0669,5.58,ADVANCED
195,19,12,0.6316,460.42,305,51.05,0.7695,11.11,4.05,3.32,37.0,0.0,0.5,0.75,0.7276,0.2675,4.82,BEGINNER
196,20,14,0.7,622.55,205,606.6,0.902,5.5,1.95,1.65,46.1,0.75,0.7143,0.8,0.8574,0.1517,4.44,INTERMEDIATE
197,14,12,0.8571,598.71,250,169.29,0.7765,12.36,4.14,2.93,42.57,0.6667,1.0,0.8889,0.7902,0.2154,4.27,INTERMEDIATE
198,14,8,0.5714,526.57,361,30.0,0.746,13.93,3.71,2.79,38.43,0.0,0.375,1.0,0.706,0.306,4.38,BEGINNER
199,35,31,0.8857,616.89,90,1329.0,0.9458,3.29,0.77,0.74,56.57,0.9231,1.0,1.0,0.9589,0.04,5.5,ADVANCED
200,29,17,0.5862,647.0,336,81.38,0.7827,11.52,3.93,2.83,37.9,0.4286,0.4286,0.8462,0.7533,0.2567,3.51,BEGINNER
201,18,17,0.9444,346.5,121,1716.22,0.9898,0.61,0.06,0.11,55.56,1.0,1.0,1.0,0.9921,0.0071,9.62,EXPERT
202,24,14,0.5833,520.38,302,75.46,0.7662,10.75,3.21,3.25,35.46,0.0,0.4545,0.75,0.835,0.1658,4.09,BEGINNER
203,24,22,0.9167,427.96,201,362.08,0.8957,5.21,1.92,1.25,43.04,0.5,0.875,1.0,0.9023,0.1026,6.03,INTERMEDIATE
204,14,13,0.9286,577.36,214,1388.79,0.9486,3.07,0.43,0.57,55.43,1.0,1.0,1.0,0.9394,0.0603,5.76,ADVANCED
205,34,30,0.8824,470.32,173,488.65,0.8932,5.65,1.71,1.68,45.29,0.5,0.9091,1.0,0.8795,0.1296,5.78,INTERMEDIATE
206,44,30,0.6818,551.18,271,49.77,0.7804,11.43,3.7,3.48,37.77,0.0,0.6364,0.92,0.7365,0.2662,4.11,BEGINNER
207,10,7,0.7,503.8,243,383.0,0.8759,6.4,1.4,1.2,44.2,0.0,1.0,1.0,0.8714,0.1304,5.26,INTERMEDIATE
208,20,15,0.75,392.6,181,592.8,0.9475,2.5,0.4,0.6,43.25,0.25,1.0,1.0,0.9319,0.0687,6.61,ADVANCED
209,13,7,0.5385,745.38,314,130.77,0.7864,11.62,3.46,4.08,41.08,0.5,0.6,0.75,0.8366,0.1659,3.31,BEGINNER
210,27,17,0.6296,540.11,365,76.3,0.773,10.41,3.26,3.07,35.96,0.0,0.5556,0.8571,0.7917,0.2093,4.0,BEGINNER
211,10,10,1.0,540.7,260,535.8,0.8776,7.0,2.2,1.2,49.0,1.0,1.0,1.0,0.8545,0.1484,5.44,ADVANCED
212,37,24,0.6486,454.22,253,50.68,0.7652,12.41,4.22,3.65,38.51,0.25,0.4,0.9048,0.8042,0.209,5.09,BEGINNER
213,20,14,0.7,461.85,195,183.15,0.8797,5.65,1.55,1.35,38.7,0.0,1.0,0.9167,0.8876,0.1176,5.03,INTERMEDIATE
214,41,39,0.9512,502.12,146,1226.68,0.943,3.24,0.49,0.51,53.83,0.9333,1.0,1.0,0.9296,0.0651,6.43,ADVANCED
215,29,14,0.4828,517.07,259,29.0,0.7623,10.93,3.62,3.62,35.07,0.0,0.5,0.7692,0.7294,0.2808,4.07,BEGINNER
216,44,44,1.0,433.75,88,1876.48,0.986,0.89,0.2,0.2,58.95,1.0,1.0,1.0,1.0,0.0,8.16,EXPERT
217,31,20,0.6452,462.48,148,30.35,0.7671,12.13,3.45,3.55,35.94,0.0,0.4,0.8421,0.8265,0.1721,4.66,BEGINNER
218,30,28,0.9333,356.9,131,1520.97,0.9803,1.13,0.13,0.23,55.77,0.8,1.0,1.0,0.9677,0.0336,9.38,EXPERT
219,21,21,1.0,501.38,190,432.86,0.8704,6.86,1.81,1.24,46.57,1.0,1.0,1.0,0.8489,0.1484,5.57,ADVANCED
220,26,20,0.7692,725.46,286,240.35,0.7912,11.31,4.42,2.73,42.77,0.5,0.8889,0.8889,0.8363,0.1575,3.54,BEGINNER
221,25,22,0.88,421.6,178,439.36,0.8969,5.24,2.16,1.48,43.68,0.5,1.0,0.9231,0.8873,0.124,6.22,INTERMEDIATE
222,45,34,0.7556,473.96,171,436.56,0.8858,5.76,1.4,1.49,43.51,0.4615,0.8462,0.8947,0.8971,0.1055,5.51,INTERMEDIATE
223,15,13,0.8667,454.8,212,405.47,0.8661,7.4,2.0,1.87,46.53,0.6667,1.0,1.0,0.8379,0.1586,6.14,INTERMEDIATE
224,35,28,0.8,457.4,109,827.74,0.9385,3.2,0.34,0.69,46.2,0.7,0.8889,0.8462,0.9365,0.0657,6.06,ADVANCED
225,36,34,0.9444,575.78,151,1303.81,0.9572,2.53,0.53,0.64,55.22,0.9231,0.9231,1.0,0.9709,0.0309,5.75,ADVANCED
226,13,9,0.6923,518.31,311,52.15,0.7708,11.69,3.85,2.92,39.15,0.0,0.6667,0.8333,0.8223,0.1866,4.53,BEGINNER
227,10,6,0.6,669.0,420,87.0,0.7393,16.0,5.1,3.5,43.4,0.0,0.6667,1.0,0.7447,0.2704,3.89,BEGINNER
228,39,32,0.8205,530.87,190,1121.31,0.9487,2.9,0.51,0.38,51.92,0.9167,1.0,1.0,0.9414,0.0588,5.87,ADVANCED
229,19,19,1.0,445.53,132,1989.21,0.9854,0.95,0.05,0.21,59.47,1.0,1.0,1.0,0.9793,0.0221,8.01,EXPERT
230,10,9,0.9,326.0,118,1549.4,0.9822,1.1,0.2,0.7,54.7,1.0,1.0,1.0,0.9796,0.0234,10.07,EXPERT
231,25,19,0.76,599.72,315,80.4,0.7801,11.96,3.24,2.8,41.48,0.0,0.7692,0.9,0.8259,0.1903,4.15,BEGINNER
232,44,36,0.8182,489.5,208,1033.66,0.946,3.05,0.36,0.55,51.41,0.6154,0.9583,0.6667,0.9428,0.0584,6.3,ADVANCED
233,32,30,0.9375,337.19,106,1472.88,0.9777,1.09,0.12,0.22,52.88,0.7778,1.0,1.0,0.9846,0.0175,9.41,EXPERT
234,26,23,0.8846,581.5,188,1341.62,0.9407,3.42,0.62,0.31,55.38,0.8,1.0,1.0,0.9388,0.0633,5.71,ADVANCED
235,15,5,0.3333,566.2,385,0.0,0.7766,10.6,3.53,2.93,34.8,0.0,0.375,0.5,0.7265,0.271,3.69,BEGINNER
236,10,9,0.9,346.8,129,1359.6,0.9856,0.8,0.2,0.3,52.8,0.6667,1.0,1.0,0.9875,0.0107,9.13,EXPERT
237,39,27,0.6923,546.64,309,47.69,0.7499,13.36,4.0,3.49,38.59,0.0,0.7,0.9091,0.7449,0.2615,4.24,BEGINNER
238,12,7,0.5833,583.33,292,54.17,0.769,11.17,3.58,2.58,36.33,0.0,0.6,0.8,0.7539,0.2528,3.74,BEGINNER
239,11,11,1.0,489.18,209,502.45,0.8838,6.64,1.55,1.64,46.18,0.0,1.0,1.0,0.8644,0.15,5.66,INTERMEDIATE
240,21,15,0.7143,516.33,185,7.14,0.7364,13.9,4.76,3.52,36.95,0.5,0.25,0.9286,0.7509,0.2525,4.29,BEGINNER
241,43,28,0.6512,651.47,246,81.16,0.7619,13.67,4.02,3.09,41.09,0.2857,0.7222,0.8125,0.7372,0.2638,3.78,BEGINNER
242,36,30,0.8333,482.94,219,480.0,0.8894,5.94,2.11,1.53,44.92,0.6667,0.7778,0.9412,0.878,0.1245,5.58,INTERMEDIATE
243,18,15,0.8333,500.94,177,465.11,0.857,8.11,1.78,1.5,47.0,1.0,0.6667,1.0,0.8611,0.1477,5.63,INTERMEDIATE
244,14,13,0.9286,521.0,238,441.29,0.8602,7.5,1.79,1.5,46.64,1.0,1.0,1.0,0.8805,0.1158,5.37,INTERMEDIATE
245,32,31,0.9688,568.88,159,1356.59,0.9456,3.34,0.75,0.34,55.53,0.9167,1.0,1.0,0.9261,0.0716,5.86,ADVANCED
246,15,10,0.6667,459.13,137,207.07,0.8887,5.07,2.07,1.73,37.4,0.0,0.75,1.0,0.8852,0.1261,4.89,INTERMEDIATE
247,25,19,0.76,572.16,282,92.0,0.7925,11.04,3.92,3.32,40.84,0.0,0.7143,0.9,0.7961,0.2057,4.28,BEGINNER
248,28,24,0.8571,580.39,253,544.46,0.8681,7.29,1.79,1.54,47.57,0.8333,0.9286,0.8571,0.8495,0.1564,4.92,INTERMEDIATE
249,29,24,0.8276,481.97,188,418.07,0.8831,5.93,1.62,1.48,43.31,0.5,0.8333,1.0,0.9329,0.0762,5.39,INTERMEDIATE
250,38,35,0.9211,613.21,326,1449.76,0.9477,3.26,0.39,0.68,58.08,1.0,1.0,0.0,0.949,0.0513,5.68,ADVANCED
251,34,26,0.7647,510.03,170,516.09,0.8871,5.79,2.0,1.59,44.68,0.7778,0.8,0.9167,0.8881,0.1107,5.26,INTERMEDIATE
252,13,10,0.7692,522.23,195,416.0,0.8615,6.92,1.77,1.62,42.62,0.5,1.0,1.0,0.8729,0.1292,4.9,INTERMEDIATE
253,27,21,0.7778,446.22,200,372.59,0.8828,5.96,1.63,1.33,42.74,0.5,0.9,0.8333,0.8665,0.1408,5.75,INTERMEDIATE
254,36,31,0.8611,445.92,179,415.5,0.8761,6.81,1.92,1.53,45.28,0.4,0.9231,1.0,0.886,0.1142,6.09,INTERMEDIATE
255,17,12,0.7059,558.47,226,402.94,0.8907,5.65,1.24,1.76,45.59,0.0,0.8333,1.0,0.8867,0.1152,4.9,INTERMEDIATE
256,38,34,0.8947,445.66,170,426.34,0.8688,6.97,1.5,1.63,45.11,0.6,0.9412,0.9375,0.8684,0.1368,6.07,INTERMEDIATE
257,26,24,0.9231,528.0,173,1180.19,0.9469,3.08,0.35,0.73,53.12,0.8571,1.0,0.6667,0.9386,0.0621,6.04,ADVANCED
258,24,20,0.8333,481.21,239,353.04,0.8718,7.12,1.67,2.08,44.04,0.5,1.0,0.9091,0.859,0.1697,5.49,INTERMEDIATE
259,10,8,0.8,468.3,334,82.0,0.779,11.4,3.7,3.5,39.6,0.0,0.75,1.0,0.7762,0.2257,5.07,BEGINNER
260,43,35,0.814,415.09,164,335.16,0.8721,6.44,1.33,1.44,42.07,0.5,0.75,0.9524,0.879,0.1284,6.08,INTERMEDIATE
261,33,30,0.9091,553.79,143,1272.64,0.947,3.27,0.58,0.76,55.03,0.9333,1.0,0.8,0.9462,0.0547,5.96,ADVANCED
262,20,18,0.9,371.8,220,257.75,0.8727,6.1,1.55,1.25,41.05,0.0,0.8333,1.0,0.8353,0.1639,6.62,INTERMEDIATE
263,12,12,1.0,459.67,186,2040.33,0.9897,0.67,0.08,0.17,61.33,1.0,1.0,0.0,1.0,0.0,8.01,EXPERT
264,23,14,0.6087,648.3,237,11.74,0.7668,12.83,3.96,2.78,39.91,0.2,0.5714,0.8182,0.7197,0.2857,3.69,BEGINNER
265,34,31,0.9118,534.18,164,1255.76,0.9427,3.41,0.68,0.91,54.5,0.8667,1.0,1.0,0.934,0.0667,6.12,ADVANCED
266,13,10,0.7692,667.77,313,508.62,0.862,7.92,1.62,1.77,49.54,0.6667,1.0,1.0,0.8655,0.1342,4.45,INTERMEDIATE
267,22,19,0.8636,475.73,170,1196.14,0.9485,2.82,0.5,0.55,52.45,0.8333,1.0,1.0,0.9565,0.0447,6.62,ADVANCED
268,30,27,0.9,377.8,134,1595.63,0.9825,0.87,0.2,0.23,55.13,0.9091,1.0,1.0,0.9847,0.0148,8.76,EXPERT
269,23,16,0.6957,533.48,205,160.04,0.784,10.43,3.61,4.0,38.39,0.6667,0.4286,0.9167,0.7603,0.2254,4.32,BEGINNER
270,29,27,0.931,561.38,158,1206.31,0.9624,2.03,0.41,0.9,53.14,1.0,1.0,1.0,0.9366,0.0642,5.68,EXPERT
271,25,25,1.0,359.4,93,1483.0,0.9818,1.12,0.2,0.16,53.52,1.0,1.0,1.0,0.9828,0.019,8.93,EXPERT
272,10,7,0.7,428.6,252,354.0,0.8924,5.4,2.3,1.2,44.0,0.5,0.5,1.0,0.8839,0.1159,6.16,INTERMEDIATE
273,10,9,0.9,646.1,168,1426.4,0.9522,3.0,0.4,0.2,57.5,1.0,1.0,1.0,0.9412,0.0606,5.34,ADVANCED
274,38,36,0.9474,443.47,102,1767.32,0.9849,0.87,0.21,0.21,57.53,1.0,1.0,1.0,0.9895,0.0115,7.78,EXPERT
275,19,18,0.9474,498.79,230,473.79,0.8803,6.37,2.0,1.84,46.95,1.0,1.0,1.0,0.8689,0.1328,5.65,ADVANCED
276,31,27,0.871,526.03,174,1226.39,0.9489,3.1,0.77,0.84,55.71,0.9375,1.0,1.0,0.9545,0.048,6.35,ADVANCED
277,25,21,0.84,493.0,213,471.72,0.8761,6.8,1.76,1.32,45.68,1.0,0.9,0.9,0.8489,0.1544,5.56,INTERMEDIATE
278,37,34,0.9189,487.14,175,1074.05,0.9401,3.43,0.49,0.43,51.78,0.8333,1.0,1.0,0.9177,0.0814,6.38,ADVANCED
279,42,40,0.9524,555.26,164,1336.17,0.9393,3.69,0.62,0.55,56.14,0.9444,0.9444,1.0,0.9377,0.0625,6.07,ADVANCED
280,22,20,0.9091,558.68,221,1231.05,0.9499,2.86,0.77,0.82,55.05,1.0,1.0,1.0,0.9632,0.0382,5.91,ADVANCED
281,27,25,0.9259,532.3,192,1324.37,0.945,3.44,0.56,0.59,56.52,0.9,1.0,1.0,0.9488,0.0548,6.37,ADVANCED
282,11,8,0.7273,410.64,234,476.82,0.9063,4.0,2.18,1.45,41.0,0.5,0.6667,1.0,0.9119,0.084,5.99,INTERMEDIATE
283,32,23,0.7188,603.81,243,105.22,0.7809,12.06,3.78,3.38,40.97,0.4,0.75,0.8824,0.8173,0.2007,4.07,BEGINNER
284,33,25,0.7576,453.33,208,292.15,0.8639,6.97,1.91,1.91,42.27,0.0,1.0,0.9286,0.8467,0.1567,5.59,INTERMEDIATE
285,36,34,0.9444,530.36,170,1247.44,0.9438,3.28,0.61,0.61,54.06,1.0,1.0,1.0,0.9821,0.019,6.12,ADVANCED
286,37,24,0.6486,612.62,234,60.0,0.734,15.11,4.08,3.38,40.51,0.0,0.7143,0.875,0.802,0.1858,3.97,BEGINNER
287,16,9,0.5625,477.19,337,20.0,0.7453,12.88,4.81,3.38,35.12,0.0,0.5,0.6,0.7721,0.2316,4.42,BEGINNER
288,12,11,0.9167,456.83,181,452.25,0.8653,7.5,1.75,0.92,46.0,1.0,0.8,1.0,0.8509,0.1488,6.04,INTERMEDIATE
289,26,22,0.8462,472.0,125,437.54,0.8816,6.04,1.73,1.81,44.0,0.5,1.0,0.9231,0.903,0.0981,5.59,INTERMEDIATE
290,37,31,0.8378,512.49,215,401.86,0.8673,7.08,1.49,2.11,44.16,0.625,0.8462,1.0,0.8988,0.1051,5.17,INTERMEDIATE
291,18,16,0.8889,453.94,193,944.94,0.9542,2.39,0.44,0.56,50.33,0.75,1.0,1.0,0.9602,0.0373,6.65,ADVANCED
292,37,31,0.8378,422.65,89,333.89,0.885,5.49,1.43,1.35,41.22,0.1667,1.0,1.0,0.8543,0.1297,5.85,INTERMEDIATE
293,28,24,0.8571,483.57,211,438.0,0.8791,6.54,1.39,1.79,44.71,0.625,0.8571,1.0,0.9182,0.0897,5.55,INTERMEDIATE
294,19,19,1.0,380.11,128,1579.37,0.9914,0.47,0.32,0.32,55.26,1.0,1.0,1.0,0.9842,0.0153,8.72,EXPERT
295,10,10,1.0,419.2,150,493.5,0.8586,7.9,1.9,1.0,47.6,1.0,1.0,1.0,0.8682,0.1317,6.81,ADVANCED
296,28,20,0.7143,529.57,248,19.64,0.7434,14.75,3.79,3.21,40.32,0.0,1.0,0.8,0.733,0.2652,4.57,BEGINNER
297,15,14,0.9333,627.2,152,1387.07,0.9541,2.87,0.33,0.8,55.87,1.0,0.8,1.0,0.9574,0.0491,5.34,ADVANCED
298,44,26,0.5909,615.34,175,94.82,0.7894,11.11,3.98,2.82,39.09,0.4444,0.5385,0.8824,0.7949,0.2132,3.81,BEGINNER
299,15,14,0.9333,514.07,157,1043.0,0.9378,3.67,0.13,0.67,52.67,0.8571,1.0,1.0,0.9155,0.089,6.15,ADVANCED
300,35,21,0.6,629.89,250,53.43,0.7697,12.03,4.4,2.83,38.57,0.0,0.5385,0.8667,0.7668,0.2477,3.67,BEGINNER
301,15,12,0.8,423.33,223,355.6,0.9068,4.27,1.93,1.6,41.2,0.0,0.7143,1.0,0.9291,0.073,5.84,INTERMEDIATE
302,42,28,0.6667,611.24,328,101.9,0.786,11.74,3.62,3.14,40.4,0.5,0.6111,0.8235,0.7776,0.2289,3.97,BEGINNER
303,43,30,0.6977,611.53,294,113.84,0.7717,12.12,3.63,3.47,40.37,0.375,0.6429,1.0,0.8096,0.1923,3.96,BEGINNER
304,18,12,0.6667,665.5,348,132.78,0.7767,13.11,3.28,3.5,44.78,0.3333,0.875,0.6667,0.7652,0.2351,4.04,BEGINNER
305,43,43,1.0,362.6,105,1662.51,0.9863,0.79,0.21,0.16,56.23,1.0,1.0,1.0,0.9907,0.0095,9.3,EXPERT
306,30,30,1.0,521.43,134,1173.9,0.9434,3.13,0.57,0.47,53.13,1.0,1.0,1.0,0.9307,0.0726,6.11,ADVANCED
307,26,21,0.8077,399.85,167,311.85,0.8823,5.5,1.73,1.35,40.81,0.3333,0.7,1.0,0.8889,0.113,6.12,INTERMEDIATE
308,38,25,0.6579,644.76,273,88.42,0.7782,12.29,3.74,3.5,41.61,0.5,0.6,0.8462,0.8068,0.2101,3.87,BEGINNER
309,20,12,0.6,538.6,309,39.5,0.7781,11.6,3.65,3.25,36.45,0.0,0.7143,0.7778,0.7466,0.2585,4.06,BEGINNER
310,45,41,0.9111,525.53,159,483.64,0.8959,5.56,1.91,1.49,45.71,0.8571,1.0,0.9091,0.9077,0.1062,5.22,INTERMEDIATE
311,10,7,0.7,398.5,186,359.9,0.8799,5.8,1.2,2.3,40.1,0.5,0.5,1.0,0.9047,0.0895,6.04,INTERMEDIATE
312,12,12,1.0,422.67,279,372.17,0.8845,5.83,1.58,1.33,43.83,0.0,1.0,1.0,0.8791,0.1212,6.22,INTERMEDIATE
313,22,17,0.7727,509.27,220,1094.27,0.9402,3.45,0.41,0.5,52.45,0.7778,0.8333,1.0,0.9334,0.0727,6.18,ADVANCED
314,33,30,0.9091,480.64,181,403.52,0.8619,7.42,1.97,1.09,45.45,0.7143,0.8889,1.0,0.8806,0.12,5.67,INTERMEDIATE
315,32,19,0.5938,565.06,228,45.31,0.758,12.34,4.0,3.72,38.25,0.25,0.6,0.75,0.7967,0.1971,4.06,BEGINNER
316,45,33,0.7333,597.29,199,126.56,0.7644,13.49,3.49,3.47,42.33,0.3333,0.7647,0.9474,0.797,0.206,4.25,BEGINNER
317,14,12,0.8571,553.57,165,592.86,0.8703,7.43,2.0,1.43,48.14,0.6667,1.0,1.0,0.8764,0.1284,5.22,INTERMEDIATE
318,38,35,0.9211,470.29,198,403.61,0.8637,7.45,1.87,1.79,45.45,0.7143,0.9167,1.0,0.8637,0.1418,5.8,INTERMEDIATE
319,21,18,0.8571,432.76,237,407.24,0.8654,6.71,1.95,1.48,42.43,1.0,0.6667,0.9167,0.8575,0.1416,5.88,INTERMEDIATE
320,44,27,0.6136,573.82,338,38.57,0.7687,12.2,4.45,4.09,37.52,0.1,0.6,0.8947,0.7629,0.2481,3.92,BEGINNER
321,41,24,0.5854,595.12,270,77.07,0.7717,12.37,3.66,2.8,38.54,0.4,0.375,0.8182,0.7913,0.2095,3.89,BEGINNER
322,27,26,0.963,401.37,159,1838.96,0.9823,1.04,0.07,0.15,57.74,0.9091,1.0,1.0,0.9909,0.0098,8.63,EXPERT
323,27,24,0.8889,515.93,219,1054.81,0.9485,3.0,1.04,0.59,53.11,0.875,1.0,1.0,0.9409,0.0665,6.18,ADVANCED
324,16,13,0.8125,487.0,194,902.31,0.9344,3.75,0.94,0.56,52.94,0.8,1.0,1.0,0.912,0.0896,6.52,ADVANCED
325,35,20,0.5714,566.57,272,35.37,0.7525,13.06,3.8,3.71,38.43,0.5,0.5,0.7333,0.754,0.2415,4.07,BEGINNER
326,31,28,0.9032,384.16,65,1482.06,0.9782,1.13,0.16,0.19,53.87,0.9,1.0,1.0,0.9749,0.0255,8.41,EXPERT
327,39,31,0.7949,512.36,228,411.74,0.8679,7.08,2.05,1.21,45.21,0.5556,0.9333,0.9231,0.8728,0.1266,5.29,INTERMEDIATE
328,34,29,0.8529,535.26,159,406.71,0.8722,7.26,2.0,1.44,46.35,0.75,0.9375,1.0,0.8539,0.1535,5.2,INTERMEDIATE
329,32,26,0.8125,541.81,186,440.19,0.8875,5.62,1.91,1.75,43.62,0.5,0.8462,1.0,0.9038,0.093,4.83,INTERMEDIATE
330,44,39,0.8864,493.18,159,1265.3,0.9533,2.57,0.59,0.7,52.98,0.7647,1.0,0.8889,0.9297,0.0733,6.45,ADVANCED
331,16,14,0.875,438.0,194,431.56,0.8785,6.19,1.56,1.44,44.19,1.0,0.6667,1.0,0.8587,0.1422,6.05,INTERMEDIATE
332,12,9,0.75,524.5,153,320.08,0.8851,5.92,1.58,1.58,42.33,0.5,0.75,1.0,0.9179,0.0812,4.84,INTERMEDIATE
333,36,29,0.8056,560.03,193,470.61,0.8604,7.89,1.78,1.36,47.53,0.7,0.8333,0.9167,0.8729,0.1287,5.09,INTERMEDIATE
334,42,21,0.5,583.52,379,67.86,0.7714,11.83,3.9,3.07,38.36,0.1,0.5714,0.8,0.7276,0.2649,3.94,BEGINNER
335,17,14,0.8235,433.88,150,314.71,0.8767,5.94,2.24,1.53,41.76,0.5,0.8,1.0,0.9067,0.0866,5.78,INTERMEDIATE
336,40,21,0.525,543.85,297,78.78,0.77,11.15,3.65,3.35,36.12,0.1667,0.4375,0.8667,0.7836,0.2191,3.99,BEGINNER
337,29,26,0.8966,609.41,171,1405.76,0.9447,3.34,0.62,0.45,55.93,0.9091,0.9,1.0,0.9473,0.0519,5.51,ADVANCED
338,15,13,0.8667,431.2,238,440.4,0.8881,5.73,2.13,0.87,44.67,0.5,0.8571,1.0,0.8942,0.1111,6.22,INTERMEDIATE
339,17,15,0.8824,490.71,217,468.29,0.8752,6.59,1.53,1.53,45.12,0.75,0.8,1.0,0.8932,0.1169,5.52,INTERMEDIATE
340,19,9,0.4737,558.05,288,18.95,0.7439,14.26,3.37,3.05,38.32,0.0,0.4286,0.8571,0.6963,0.3249,4.12,BEGINNER
341,17,17,1.0,405.65,85,1794.35,0.984,1.06,0.0,0.18,57.06,1.0,1.0,1.0,1.0,0.0,8.44,EXPERT
342,36,19,0.5278,663.42,309,67.69,0.7698,11.92,3.47,3.31,38.03,0.25,0.5556,0.7273,0.7475,0.2599,3.44,BEGINNER
343,42,40,0.9524,588.0,138,1356.02,0.9492,3.14,0.6,0.62,56.14,1.0,1.0,0.8571,0.9602,0.0373,5.73,ADVANCED
344,28,21,0.75,492.25,220,476.32,0.8763,6.14,1.64,1.75,43.64,0.4,1.0,0.9091,0.8541,0.1408,5.32,INTERMEDIATE
345,31,22,0.7097,669.55,287,114.77,0.7397,15.48,3.74,2.65,42.03,0.3333,0.7273,1.0,0.7208,0.28,3.77,BEGINNER
346,40,35,0.875,484.93,228,459.25,0.8754,6.53,1.7,1.3,44.42,0.8571,0.6667,1.0,0.8812,0.1117,5.5,INTERMEDIATE
347,28,23,0.8214,623.79,210,1297.89,0.9441,3.36,0.39,0.43,55.0,0.9333,1.0,1.0,0.9558,0.0461,5.29,ADVANCED
348,32,18,0.5625,725.28,315,59.06,0.7584,14.38,3.69,2.66,40.53,0.3333,0.6667,0.8182,0.7927,0.264,3.35,BEGINNER
349,29,21,0.7241,450.17,149,385.1,0.881,5.83,1.52,1.17,42.59,0.1429,0.8,1.0,0.8511,0.1493,5.68,INTERMEDIATE
350,17,9,0.5294,604.47,319,20.59,0.771,13.06,3.82,4.0,40.0,0.0,0.8333,0.5714,0.7955,0.228,3.97,BEGINNER
351,20,18,0.9,705.7,194,1570.65,0.9415,3.75,0.85,0.7,59.6,0.8889,1.0,1.0,0.9327,0.0685,5.07,ADVANCED
352,35,33,0.9429,481.31,155,1102.83,0.9531,2.57,0.57,0.66,51.71,0.9167,0.9231,1.0,0.9352,0.0657,6.45,ADVANCED
353,26,24,0.9231,524.42,190,1089.69,0.9408,3.42,0.23,0.46,52.58,0.8571,1.0,1.0,0.9256,0.0714,6.02,ADVANCED
354,43,42,0.9767,352.51,78,1481.51,0.9855,0.88,0.21,0.21,53.19,1.0,1.0,1.0,0.9747,0.0279,9.05,EXPERT
355,19,18,0.9474,537.26,206,1365.95,0.946,3.11,0.26,0.53,54.11,1.0,0.8333,1.0,0.9289,0.0725,6.04,ADVANCED
356,21,14,0.6667,527.95,154,354.62,0.8839,5.95,2.19,2.29,43.9,0.3333,0.5556,1.0,0.8658,0.1429,4.99,INTERMEDIATE
357,27,15,0.5556,676.74,295,71.48,0.7799,11.41,3.19,2.89,37.37,0.0,0.5714,0.875,0.7761,0.2348,3.31,BEGINNER
358,27,25,0.9259,498.15,191,578.33,0.8742,7.15,1.96,1.19,47.52,1.0,0.875,0.9167,0.878,0.129,5.72,INTERMEDIATE
359,40,33,0.825,481.18,165,313.93,0.8829,5.88,2.35,1.6,42.45,0.2,1.0,1.0,0.8729,0.1238,5.29,INTERMEDIATE
360,12,7,0.5833,632.58,303,99.17,0.8195,10.17,4.25,2.08,42.75,0.0,0.625,1.0,0.8539,0.1538,4.05,BEGINNER
361,37,22,0.5946,621.46,219,96.84,0.7634,12.32,4.08,3.05,38.62,0.6,0.4,0.9286,0.7532,0.2536,3.73,BEGINNER
362,13,10,0.7692,658.46,336,6.15,0.7166,18.15,3.46,4.0,42.31,0.5,1.0,0.7143,0.7176,0.2897,3.86,BEGINNER
363,37,27,0.7297,569.35,207,40.0,0.7583,12.92,3.89,2.57,39.81,0.25,0.7857,0.8824,0.7669,0.2374,4.2,BEGINNER
364,22,14,0.6364,690.14,221,134.86,0.7663,13.14,3.73,2.95,41.91,0.5,0.8,0.7778,0.7374,0.2587,3.64,BEGINNER
365,28,26,0.9286,534.68,203,1377.57,0.9585,2.32,0.61,0.54,55.39,0.875,1.0,1.0,0.9404,0.0588,6.22,ADVANCED
366,17,16,0.9412,367.65,61,1579.47,0.9815,0.94,0.0,0.24,55.24,1.0,1.0,1.0,0.9614,0.0377,9.01,EXPERT
367,12,7,0.5833,635.67,370,70.0,0.7869,10.08,3.58,2.75,37.58,0.0,0.6,1.0,0.779,0.2265,3.55,BEGINNER
368,22,20,0.9091,317.95,75,1532.73,0.9834,0.95,0.05,0.14,54.27,1.0,1.0,1.0,0.9834,0.0186,10.24,EXPERT
369,30,25,0.8333,428.57,122,365.8,0.8719,6.57,1.7,1.13,41.9,1.0,0.6923,1.0,0.8727,0.1282,5.87,INTERMEDIATE
370,35,32,0.9143,542.54,229,1182.83,0.9527,2.77,0.57,0.6,54.31,0.9,1.0,1.0,0.9454,0.0549,6.01,ADVANCED
371,19,15,0.7895,446.74,165,1006.42,0.948,2.58,0.58,0.26,50.26,0.5,1.0,1.0,0.9439,0.0566,6.75,ADVANCED
372,25,10,0.4,552.08,245,34.4,0.7534,13.0,3.08,3.28,35.16,0.0,0.4,0.6667,0.7175,0.2801,3.82,BEGINNER
373,32,27,0.8438,481.62,150,1042.19,0.9462,2.88,0.53,0.56,50.62,0.75,0.9,1.0,0.9349,0.0662,6.31,ADVANCED
374,15,15,1.0,356.33,87,1506.33,0.9876,0.67,0.07,0.27,51.87,1.0,1.0,1.0,0.9912,0.0112,8.73,EXPERT
375,10,9,0.9,432.7,231,1076.8,0.9465,2.9,0.7,0.4,52.8,1.0,1.0,1.0,0.9526,0.047,7.32,ADVANCED
376,39,22,0.5641,616.18,260,23.03,0.7629,12.79,4.33,3.95,39.15,0.1111,0.6923,0.8,0.7778,0.2318,3.81,BEGINNER
377,11,10,0.9091,354.64,229,277.45,0.8852,5.27,2.55,1.82,40.18,0.0,1.0,0.875,0.8849,0.1138,6.8,INTERMEDIATE
378,42,31,0.7381,447.21,232,369.95,0.8772,6.19,2.05,1.24,43.12,0.75,0.7619,0.8,0.9064,0.0909,5.79,INTERMEDIATE
379,41,25,0.6098,528.9,274,65.95,0.7575,13.22,3.56,2.95,39.8,0.2222,0.6154,0.7895,0.7481,0.2705,4.52,BEGINNER
380,43,37,0.8605,488.95,168,1084.16,0.9457,3.02,0.53,0.53,51.86,0.625,0.9545,1.0,0.9438,0.0549,6.36,ADVANCED
381,44,31,0.7045,532.52,283,45.68,0.7672,13.27,3.66,3.3,39.55,0.4,0.6875,0.7826,0.779,0.2275,4.46,BEGINNER
382,25,23,0.92,519.52,142,1191.4,0.9445,3.24,0.72,0.72,53.8,0.8333,1.0,1.0,0.9496,0.0526,6.21,ADVANCED
383,23,15,0.6522,597.26,292,3.48,0.7595,12.96,3.96,2.96,38.13,0.0,0.8333,0.9091,0.7924,0.2294,3.83,BEGINNER
384,20,20,1.0,398.25,142,1859.75,0.9861,0.9,0.4,0.25,58.5,1.0,1.0,1.0,0.9779,0.0247,8.81,EXPERT
385,15,11,0.7333,509.27,226,384.87,0.8682,7.4,1.87,1.87,47.13,0.5,0.75,1.0,0.8888,0.1136,5.55,INTERMEDIATE
386,10,9,0.9,682.5,153,1387.3,0.9286,4.2,1.0,0.3,56.3,0.8,1.0,1.0,0.9284,0.0705,4.95,ADVANCED
387,16,13,0.8125,484.31,228,307.69,0.8693,6.56,1.75,1.5,42.75,0.25,1.0,1.0,0.8872,0.1143,5.3,INTERMEDIATE
388,40,40,1.0,346.88,105,1477.12,0.9889,0.6,0.03,0.17,53.0,1.0,1.0,1.0,0.9848,0.016,9.17,EXPERT
389,42,36,0.8571,516.36,124,1150.5,0.9445,3.12,0.52,0.81,52.29,0.7,1.0,1.0,0.9678,0.0373,6.08,ADVANCED
390,18,11,0.6111,553.56,203,886.56,0.9377,3.56,0.61,0.72,51.11,0.6667,1.0,1.0,0.9303,0.0748,5.54,ADVANCED
391,21,20,0.9524,506.81,182,1181.43,0.9393,3.48,0.48,0.62,53.71,0.8889,1.0,1.0,0.951,0.0526,6.36,ADVANCED
392,41,34,0.8293,478.71,184,357.76,0.8925,5.44,2.1,1.02,42.41,0.3333,0.9091,0.9545,0.9387,0.0612,5.32,INTERMEDIATE
393,11,9,0.8182,530.91,220,484.45,0.8536,8.09,1.64,1.64,47.09,1.0,0.8,1.0,0.854,0.1525,5.32,INTERMEDIATE
394,14,8,0.5714,413.43,230,187.43,0.8896,4.29,2.07,1.0,34.07,0.0,0.6667,0.8571,0.907,0.0893,4.94,INTERMEDIATE
395,37,29,0.7838,507.16,153,1070.0,0.9434,3.35,0.49,0.65,53.19,0.5789,1.0,1.0,0.9454,0.0556,6.29,ADVANCED
396,39,34,0.8718,535.28,127,1126.62,0.9521,2.74,0.54,0.59,52.69,0.7778,1.0,1.0,0.966,0.0414,5.91,ADVANCED
397,11,10,0.9091,542.64,219,1144.09,0.9515,2.82,0.82,0.55,52.45,0.75,1.0,1.0,0.946,0.0551,5.8,ADVANCED
398,41,35,0.8537,477.24,166,426.05,0.8803,6.37,1.9,1.29,44.22,0.625,0.8182,1.0,0.8755,0.1228,5.56,INTERMEDIATE
399,28,28,1.0,496.82,158,1255.86,0.9475,3.11,0.43,0.64,53.71,1.0,1.0,1.0,0.9473,0.0535,6.49,EXPERT
400,45,37,0.8222,445.13,135,967.56,0.939,3.24,0.49,0.64,49.53,0.7778,0.8636,1.0,0.9452,0.0553,6.68,ADVANCED
401,45,43,0.9556,341.09,90,1538.04,0.9842,0.89,0.31,0.22,54.53,1.0,1.0,1.0,0.9796,0.0211,9.59,EXPERT
402,39,33,0.8462,483.28,191,439.87,0.8803,6.41,1.72,1.44,45.28,0.6,1.0,0.7857,0.8844,0.1225,5.62,INTERMEDIATE
403,30,27,0.9,571.7,131,1296.53,0.9458,3.07,0.5,0.53,54.47,0.8462,1.0,1.0,0.9223,0.0758,5.72,ADVANCED
404,32,20,0.625,587.91,193,109.12,0.7886,12.0,3.53,3.5,41.34,0.4286,0.4545,0.9231,0.7556,0.2391,4.22,BEGINNER
405,40,28,0.7,580.95,304,91.7,0.8047,9.65,3.73,3.35,38.88,0.0,0.7143,0.9,0.7985,0.2057,4.01,BEGINNER
406,40,29,0.725,520.73,314,74.88,0.7541,13.55,4.2,2.85,39.83,0.0,0.8333,0.8636,0.7429,0.2542,4.59,BEGINNER
407,32,27,0.8438,449.66,190,441.38,0.8847,5.78,1.56,1.47,43.38,0.4,0.8667,1.0,0.8315,0.1693,5.79,INTERMEDIATE
408,38,23,0.6053,622.26,385,54.47,0.7712,12.26,3.58,3.26,39.79,0.1,0.6667,1.0,0.8284,0.1673,3.84,BEGINNER
409,22,19,0.8636,476.68,233,286.73,0.8631,7.0,1.55,1.14,41.95,0.5,0.875,1.0,0.8591,0.1553,5.28,INTERMEDIATE
410,24,19,0.7917,535.83,129,435.21,0.8732,6.67,1.83,1.54,45.17,0.6667,0.875,0.8889,0.8982,0.1125,5.06,INTERMEDIATE
411,31,28,0.9032,432.97,138,437.16,0.9056,4.77,1.81,1.29,43.06,0.5,1.0,1.0,0.8883,0.1102,5.97,INTERMEDIATE
412,27,25,0.9259,365.04,77,1499.93,0.9882,0.63,0.04,0.15,54.0,1.0,1.0,1.0,0.9811,0.0208,8.88,EXPERT
413,14,12,0.8571,410.0,217,398.79,0.907,4.86,1.57,2.0,43.36,1.0,0.6667,1.0,0.8659,0.1464,6.34,ADVANCED
414,38,24,0.6316,538.24,253,20.39,0.7529,13.84,3.76,3.39,38.45,0.0,0.6,0.7895,0.7633,0.2563,4.29,BEGINNER
415,40,26,0.65,568.67,296,92.25,0.7904,11.55,4.0,3.12,39.73,0.3333,0.65,0.75,0.8237,0.1739,4.19,BEGINNER
416,17,9,0.5294,529.76,231,52.0,0.7602,12.29,3.59,3.41,36.59,0.0,0.4286,0.8571,0.7291,0.2903,4.14,BEGINNER
417,42,34,0.8095,446.43,132,349.71,0.8785,6.05,2.0,1.26,42.4,0.4,0.8667,0.9048,0.8559,0.1411,5.7,INTERMEDIATE
418,28,18,0.6429,646.79,316,110.93,0.7847,11.68,3.96,2.82,42.07,0.1667,0.6667,1.0,0.7678,0.2342,3.9,BEGINNER
419,25,12,0.48,478.52,244,26.44,0.7721,10.76,4.4,3.48,34.76,0.0,0.375,0.75,0.8016,0.2009,4.36,BEGINNER
420,21,19,0.9048,490.14,212,1011.05,0.9469,2.95,0.76,0.52,51.19,0.5,1.0,1.0,0.9537,0.0506,6.27,ADVANCED
421,41,35,0.8537,430.93,181,367.98,0.8772,6.39,1.73,1.51,44.1,0.3333,0.9,0.9412,0.8908,0.1134,6.14,INTERMEDIATE
422,23,22,0.9565,575.39,116,1266.43,0.9435,3.43,0.39,0.7,55.17,1.0,1.0,1.0,0.9503,0.0511,5.75,ADVANCED
423,27,18,0.6667,521.37,217,96.22,0.7656,12.67,3.56,2.63,40.07,0.6667,0.7,0.6923,0.719,0.2883,4.61,BEGINNER
424,44,26,0.5909,584.61,233,34.77,0.7751,12.02,4.39,3.0,38.32,0.0,0.6818,0.6471,0.7524,0.2594,3.93,BEGINNER
425,11,8,0.7273,601.36,358,131.82,0.8137,10.36,3.91,3.36,41.73,0.0,0.6667,1.0,0.8048,0.2189,4.16,BEGINNER
426,33,29,0.8788,492.03,161,453.21,0.885,6.12,2.15,1.48,45.82,0.75,0.9286,1.0,0.9184,0.0797,5.59,INTERMEDIATE
427,29,21,0.7241,438.79,235,377.28,0.8843,5.76,1.31,1.83,42.38,0.2,0.9167,0.9,0.922,0.0757,5.79,INTERMEDIATE
428,17,12,0.7059,518.41,401,40.0,0.7554,13.88,3.41,3.29,39.65,0.0,0.8333,0.7778,0.693,0.3189,4.59,BEGINNER
429,15,6,0.4,596.27,302,0.0,0.7528,12.13,3.53,3.27,36.0,0.0,0.4,0.8,0.7451,0.25,3.62,BEGINNER
430,19,15,0.7895,495.21,127,1151.42,0.95,2.74,0.74,0.63,51.79,0.8333,1.0,1.0,0.9443,0.0579,6.27,ADVANCED
431,22,17,0.7727,501.09,204,430.45,0.8708,7.05,1.86,1.36,45.82,0.5714,1.0,1.0,0.8755,0.1287,5.49,INTERMEDIATE
432,36,26,0.7222,536.11,194,40.64,0.7644,12.75,3.64,3.39,38.36,0.25,0.5,0.95,0.8219,0.1733,4.29,BEGINNER
433,27,14,0.5185,513.56,317,47.0,0.7851,10.7,4.48,3.22,37.48,0.0,0.4286,0.8889,0.7908,0.2075,4.38,BEGINNER
434,21,15,0.7143,565.71,216,115.43,0.7791,11.95,3.1,3.71,37.33,0.6667,0.3333,0.8,0.8644,0.1697,3.96,INTERMEDIATE
435,30,23,0.7667,539.5,252,105.67,0.7621,12.9,4.2,3.13,39.7,0.5,0.6,0.9375,0.6942,0.2994,4.42,BEGINNER
436,30,26,0.8667,461.9,195,410.37,0.8786,6.27,1.5,1.63,44.1,1.0,0.9,0.9333,0.8894,0.1004,5.73,ADVANCED
437,21,11,0.5238,555.14,302,105.24,0.7631,11.19,3.29,3.1,36.86,0.3333,0.5,0.6667,0.752,0.247,3.98,BEGINNER
438,18,16,0.8889,493.0,165,1174.0,0.9453,3.11,0.5,0.5,52.06,0.75,1.0,1.0,0.9547,0.0512,6.34,ADVANCED
439,12,9,0.75,519.92,228,395.25,0.879,6.08,1.83,1.75,43.0,0.5,0.8,1.0,0.8471,0.1523,4.96,INTERMEDIATE
440,25,20,0.8,411.04,212,301.56,0.8758,6.48,2.08,1.12,43.12,0.0,0.8462,0.8182,0.8827,0.1205,6.29,INTERMEDIATE
441,22,21,0.9545,516.77,184,1139.5,0.9426,3.32,0.82,0.82,53.27,0.9,1.0,1.0,0.9486,0.0502,6.19,ADVANCED
442,36,33,0.9167,509.36,212,502.92,0.8828,6.33,1.83,1.67,46.67,0.8571,0.9167,1.0,0.8725,0.1278,5.5,INTERMEDIATE
443,34,30,0.8824,569.44,133,1143.79,0.9459,3.21,0.44,0.71,53.82,0.9,1.0,1.0,0.9409,0.0588,5.67,ADVANCED
444,33,26,0.7879,563.82,193,950.94,0.9369,3.58,0.58,0.52,52.33,0.8182,0.9091,1.0,0.928,0.0751,5.57,ADVANCED
445,29,21,0.7241,605.03,286,28.28,0.773,11.41,3.97,3.14,37.97,0.0,0.6667,1.0,0.7652,0.2355,3.76,BEGINNER
446,23,23,1.0,359.3,81,1479.83,0.9898,0.61,0.35,0.22,53.3,1.0,1.0,1.0,0.9939,0.0068,8.9,EXPERT
447,15,14,0.9333,707.6,179,1519.6,0.9437,3.73,0.67,0.6,60.07,1.0,1.0,1.0,0.929,0.0724,5.09,ADVANCED
448,11,9,0.8182,608.0,185,1164.55,0.9468,3.09,1.09,0.55,55.18,0.75,1.0,1.0,0.9397,0.0575,5.45,ADVANCED
449,10,6,0.6,581.2,436,23.0,0.7845,10.8,4.6,2.8,37.1,0.0,1.0,0.8,0.7738,0.2321,3.83,BEGINNER
450,15,13,0.8667,439.33,171,265.0,0.8697,7.0,2.2,1.67,43.73,0.0,1.0,1.0,0.8691,0.1331,5.97,INTERMEDIATE
451,16,14,0.875,538.44,249,368.0,0.858,7.75,2.12,1.19,45.69,0.5,1.0,1.0,0.8412,0.1627,5.09,INTERMEDIATE
452,36,26,0.7222,530.97,270,98.36,0.7726,12.08,3.53,3.44,39.75,0.3333,0.7273,0.8421,0.7477,0.2548,4.49,BEGINNER
453,17,13,0.7647,658.18,213,65.88,0.7769,13.12,3.71,4.06,42.47,0.0,0.8,1.0,0.8032,0.2033,3.87,BEGINNER
454,30,26,0.8667,423.83,167,325.77,0.873,6.4,1.7,1.7,41.83,0.5,0.9091,1.0,0.8992,0.1183,5.92,INTERMEDIATE
455,33,19,0.5758,598.0,239,50.61,0.7676,12.36,3.73,3.27,39.33,0.2,0.5,0.9231,0.7766,0.2218,3.95,BEGINNER
456,12,6,0.5,556.5,365,35.83,0.7899,10.5,3.5,2.67,38.25,0.0,0.4,1.0,0.7973,0.2196,4.12,BEGINNER
457,38,34,0.8947,472.58,188,474.05,0.8853,5.82,1.95,1.58,44.58,0.6667,0.8333,1.0,0.9029,0.1004,5.66,INTERMEDIATE
458,18,13,0.7222,545.61,96,535.11,0.8844,5.94,2.28,1.5,46.28,0.6667,0.875,0.6,0.8954,0.0974,5.09,INTERMEDIATE
459,10,7,0.7,497.4,330,107.0,0.7883,11.7,3.9,2.7,39.6,0.0,0.75,0.8,0.7949,0.2276,4.78,BEGINNER
460,20,18,0.9,421.55,249,341.15,0.8776,6.3,1.75,1.25,43.2,0.0,0.9,1.0,0.8808,0.1277,6.15,INTERMEDIATE
461,20,18,0.9,393.45,238,278.65,0.8857,5.4,1.75,1.55,41.15,0.0,1.0,1.0,0.8707,0.1349,6.28,INTERMEDIATE
462,42,29,0.6905,560.62,217,72.45,0.7552,14.07,3.74,3.55,40.31,0.375,0.6667,0.8571,0.7495,0.2534,4.31,BEGINNER
463,35,35,1.0,421.26,110,1783.03,0.9848,0.89,0.14,0.11,57.54,1.0,1.0,1.0,0.9793,0.0246,8.2,EXPERT
464,26,21,0.8077,429.04,170,291.46,0.8824,5.62,1.77,1.27,41.73,0.5,0.7143,1.0,0.888,0.1074,5.84,INTERMEDIATE
465,37,31,0.8378,448.22,160,372.92,0.8744,6.14,1.78,1.08,41.81,0.8333,0.6,0.9524,0.8723,0.1377,5.6,INTERMEDIATE
466,43,35,0.814,468.02,184,369.63,0.871,6.79,1.6,1.23,44.74,0.75,0.8333,1.0,0.8374,0.1625,5.74,INTERMEDIATE
467,24,21,0.875,507.08,166,851.54,0.9495,2.62,0.62,0.58,49.04,0.75,1.0,1.0,0.9514,0.0453,5.8,ADVANCED
468,43,40,0.9302,424.07,125,1772.79,0.9802,1.16,0.14,0.05,57.23,0.8333,1.0,1.0,0.9642,0.0352,8.1,EXPERT
469,34,29,0.8529,562.76,152,1210.59,0.9389,3.47,0.76,0.76,53.35,0.8571,1.0,1.0,0.9335,0.0655,5.69,ADVANCED
470,16,10,0.625,555.56,251,16.88,0.7508,14.25,3.94,2.56,39.81,0.0,0.6,0.8,0.7303,0.3004,4.3,BEGINNER
471,35,28,0.8,444.37,214,338.71,0.8769,6.0,1.86,1.54,41.2,0.5,0.8182,0.9412,0.8934,0.1136,5.56,INTERMEDIATE
472,41,37,0.9024,428.32,179,431.29,0.881,6.15,1.54,1.37,43.88,1.0,0.85,1.0,0.8866,0.1184,6.15,ADVANCED
473,35,27,0.7714,506.43,141,360.69,0.8813,6.0,1.57,1.46,42.37,0.3333,0.8667,1.0,0.8694,0.1362,5.02,INTERMEDIATE
474,33,33,1.0,366.94,83,1677.3,0.9847,0.91,0.12,0.18,56.0,1.0,1.0,1.0,0.9765,0.0222,9.16,EXPERT
475,16,13,0.8125,428.5,209,367.19,0.8732,6.19,2.12,1.5,42.81,0.5,0.8333,1.0,0.8958,0.1039,5.99,INTERMEDIATE
476,15,12,0.8,490.27,137,1165.27,0.9346,3.6,0.47,0.33,51.07,0.6667,0.8,1.0,0.9324,0.0634,6.25,ADVANCED
477,25,21,0.84,481.08,224,338.56,0.8628,6.96,1.72,1.28,42.92,0.75,0.7143,1.0,0.8362,0.1701,5.35,INTERMEDIATE
478,45,36,0.8,471.4,128,379.64,0.8762,6.44,1.64,1.53,42.64,1.0,0.8,0.95,0.881,0.1212,5.43,INTERMEDIATE
479,10,9,0.9,631.7,314,1367.5,0.9469,3.2,0.4,0.2,57.0,0.8,1.0,0.0,0.9377,0.0627,5.41,ADVANCED
480,15,15,1.0,428.2,189,373.07,0.8644,7.47,1.33,1.33,45.47,0.0,1.0,1.0,0.8931,0.1066,6.37,INTERMEDIATE
481,38,31,0.8158,490.34,166,426.21,0.8798,6.32,1.39,1.11,44.0,0.5714,0.875,0.9286,0.8585,0.1457,5.38,INTERMEDIATE
482,19,13,0.6842,475.68,175,341.37,0.8793,6.26,1.74,2.0,42.84,0.25,0.8,0.8,0.8661,0.1379,5.4,INTERMEDIATE
483,45,35,0.7778,515.02,210,404.78,0.8752,6.38,1.89,1.47,44.8,0.8333,0.7857,0.9474,0.8909,0.0972,5.22,INTERMEDIATE
484,21,17,0.8095,495.24,177,1000.24,0.9467,2.81,0.71,0.29,49.0,0.8571,1.0,1.0,0.9474,0.0549,5.94,ADVANCED
485,23,15,0.6522,442.52,242,217.09,0.8507,7.52,1.91,1.87,42.48,0.0,0.8889,0.875,0.8697,0.1268,5.76,INTERMEDIATE
486,10,10,1.0,352.6,160,313.0,0.897,4.8,1.8,1.4,40.8,0.0,1.0,1.0,0.913,0.0893,6.94,INTERMEDIATE
487,41,25,0.6098,524.61,279,32.68,0.7615,12.1,4.46,3.39,37.9,0.0,0.5385,0.8182,0.732,0.272,4.33,BEGINNER
488,26,21,0.8077,434.96,163,291.19,0.8627,6.88,1.69,1.62,42.46,1.0,0.8,0.9231,0.8518,0.1457,5.86,INTERMEDIATE
489,14,14,1.0,436.07,160,2021.07,0.9931,0.43,0.07,0.21,60.86,1.0,1.0,0.0,0.9942,0.0061,8.37,EXPERT
490,40,27,0.675,517.2,206,76.85,0.7791,11.4,4.15,3.2,39.12,0.25,0.5833,0.9,0.779,0.2406,4.54,BEGINNER
491,16,16,1.0,592.19,165,1430.31,0.9432,3.5,0.62,0.25,57.12,1.0,1.0,1.0,0.9355,0.0651,5.79,ADVANCED
492,29,24,0.8276,444.14,174,337.97,0.8705,6.59,1.86,1.31,42.62,0.6667,0.8182,1.0,0.8901,0.1149,5.76,INTERMEDIATE
493,31,29,0.9355,534.03,152,1395.03,0.9423,3.42,0.48,0.39,56.23,1.0,1.0,1.0,0.9558,0.0464,6.32,ADVANCED
494,13,12,0.9231,359.08,117,1574.54,0.9786,1.23,0.31,0.08,54.62,1.0,1.0,1.0,0.9828,0.0177,9.13,EXPERT
495,41,40,0.9756,403.39,136,1812.85,0.9848,0.88,0.15,0.15,58.05,0.9375,1.0,1.0,0.9902,0.01,8.63,EXPERT
496,42,41,0.9762,387.31,134,1704.62,0.9853,0.86,0.17,0.19,56.57,1.0,1.0,1.0,0.9865,0.0125,8.76,EXPERT
497,33,22,0.6667,537.18,215,79.7,0.7628,12.67,3.91,2.42,39.76,0.25,0.5625,0.9231,0.789,0.2129,4.44,BEGINNER
498,11,7,0.6364,607.09,391,110.0,0.7521,14.36,3.36,4.55,43.55,0.0,0.8333,1.0,0.7092,0.2927,4.3,BEGINNER
499,18,13,0.7222,493.06,330,38.89,0.7654,12.11,3.72,2.78,36.89,0.0,0.5,1.0,0.8007,0.1977,4.49,BEGINNER
500,10,7,0.7,498.9,380,58.0,0.7828,11.0,3.8,3.0,36.7,1.0,1.0,0.7143,0.7673,0.2368,4.41,INTERMEDIATE
501,27,23,0.8519,489.48,197,479.52,0.88,6.3,1.93,1.67,45.74,0.5714,0.8333,1.0,0.9045,0.0943,5.61,INTERMEDIATE
502,24,20,0.8333,426.12,221,322.5,0.8785,6.08,1.88,1.67,44.0,0.3333,0.875,1.0,0.8674,0.1316,6.2,INTERMEDIATE
503,33,28,0.8485,575.55,164,1265.85,0.9417,3.55,0.61,0.48,55.39,0.8462,1.0,1.0,0.9554,0.0456,5.77,ADVANCED
504,11,10,0.9091,273.09,86,1273.55,0.9848,0.91,0.18,0.0,51.0,1.0,1.0,1.0,0.9846,0.0195,11.21,EXPERT
505,39,26,0.6667,662.44,338,64.18,0.7542,14.0,4.08,3.44,41.41,0.2,0.7857,0.8125,0.7664,0.2324,3.75,BEGINNER
506,34,28,0.8235,445.79,210,361.09,0.8858,6.06,1.35,1.53,44.74,0.2,0.9286,1.0,0.8782,0.121,6.02,INTERMEDIATE
507,15,10,0.6667,553.87,287,97.8,0.7833,11.87,4.33,3.13,41.33,0.3333,0.6667,0.8333,0.7474,0.2691,4.48,BEGINNER
508,14,13,0.9286,331.0,137,334.79,0.882,5.57,1.86,1.5,41.57,0.0,0.8,1.0,0.9004,0.1053,7.54,INTERMEDIATE
509,27,15,0.5556,579.11,269,18.15,0.7343,13.0,3.7,3.59,35.48,0.0,0.625,0.7692,0.7448,0.2509,3.68,BEGINNER
510,12,12,1.0,430.42,162,1711.25,0.9798,1.17,0.33,0.17,57.0,1.0,1.0,1.0,0.979,0.0207,7.95,EXPERT
511,43,37,0.8605,550.0,122,1317.0,0.9458,3.23,0.51,0.6,55.26,0.9444,1.0,1.0,0.9391,0.0633,6.03,ADVANCED
512,18,15,0.8333,640.17,263,124.44,0.7653,14.0,3.78,2.89,44.11,0.6667,0.6667,1.0,0.7504,0.2459,4.13,INTERMEDIATE
513,20,15,0.75,399.7,224,263.6,0.8772,6.55,2.15,1.65,42.85,0.3333,0.7143,1.0,0.861,0.152,6.43,INTERMEDIATE
514,41,24,0.5854,654.8,177,103.56,0.7684,12.9,3.98,3.32,39.66,0.4,0.5333,0.8571,0.8529,0.1624,3.63,BEGINNER
515,22,16,0.7273,535.68,220,394.14,0.8993,5.32,1.68,1.23,45.5,0.6,0.7143,1.0,0.8848,0.1193,5.1,INTERMEDIATE
516,25,24,0.96,394.84,119,1763.16,0.9806,1.12,0.08,0.32,57.52,0.9,1.0,1.0,0.9699,0.0289,8.74,EXPERT
517,29,25,0.8621,468.55,215,332.07,0.8625,7.0,1.97,1.41,43.72,0.4,1.0,1.0,0.8406,0.1636,5.6,INTERMEDIATE
518,32,28,0.875,561.22,223,1292.59,0.9547,2.75,0.75,0.78,54.47,0.8182,0.9286,1.0,0.952,0.0507,5.82,ADVANCED
519,41,33,0.8049,614.02,134,1200.76,0.9406,3.46,0.63,0.54,53.2,0.6875,1.0,1.0,0.9539,0.0492,5.2,ADVANCED
520,38,32,0.8421,606.82,181,1318.66,0.9513,2.87,0.58,0.55,55.11,0.875,1.0,1.0,0.9482,0.0584,5.45,ADVANCED
521,28,16,0.5714,667.75,262,60.75,0.7551,13.57,3.93,2.79,40.89,0.0,0.6667,0.8889,0.7502,0.25,3.67,BEGINNER
522,22,12,0.5455,572.09,264,8.18,0.7676,12.18,4.23,3.05,36.55,0.0,0.7143,0.7778,0.7674,0.2398,3.83,BEGINNER
523,16,14,0.875,551.56,211,450.75,0.8736,7.06,2.19,1.25,47.12,1.0,1.0,1.0,0.8659,0.1338,5.13,INTERMEDIATE
524,19,13,0.6842,725.26,329,71.58,0.749,16.16,4.16,2.53,42.89,0.5,0.5714,0.8571,0.68,0.3307,3.55,BEGINNER
525,40,30,0.75,537.5,272,86.05,0.7766,11.85,3.65,3.38,38.5,0.3333,0.7143,0.8846,0.7329,0.2962,4.3,BEGINNER
526,21,17,0.8095,434.86,226,322.81,0.8665,6.95,1.52,1.52,43.38,0.5,0.8333,0.9091,0.8485,0.1487,5.99,INTERMEDIATE
527,22,18,0.8182,693.68,236,62.73,0.7595,14.18,4.32,3.41,42.86,0.5,0.8,1.0,0.7503,0.2706,3.71,BEGINNER
528,34,25,0.7353,546.62,280,19.41,0.7761,11.82,4.15,2.97,38.03,0.0,0.6667,0.875,0.7933,0.2133,4.17,BEGINNER
529,25,19,0.76,531.04,179,583.56,0.8728,6.64,1.96,1.48,46.84,0.7778,0.8333,0.875,0.8805,0.1102,5.29,INTERMEDIATE
530,37,33,0.8919,511.76,107,1152.27,0.9431,3.38,0.7,0.65,53.14,0.8571,0.9333,1.0,0.9326,0.0697,6.23,ADVANCED
531,44,34,0.7727,374.39,183,304.77,0.891,5.11,1.68,1.45,41.14,0.2857,0.7,1.0,0.8896,0.1154,6.59,INTERMEDIATE
532,21,11,0.5238,644.76,325,46.19,0.7561,11.95,3.67,2.81,35.33,0.3333,0.4286,0.7778,0.7763,0.2576,3.29,BEGINNER
533,21,17,0.8095,470.29,133,1075.48,0.9503,2.57,0.62,0.33,50.19,0.7143,1.0,1.0,0.952,0.0496,6.4,ADVANCED
534,18,14,0.7778,511.17,115,420.39,0.8875,5.56,1.61,1.72,42.67,0.0,0.7143,1.0,0.8895,0.1098,5.01,INTERMEDIATE
535,31,27,0.871,452.48,209,402.71,0.8894,5.68,1.81,1.84,43.16,0.5,0.875,0.9231,0.9057,0.1009,5.72,INTERMEDIATE
536,38,23,0.6053,639.21,279,38.68,0.7721,12.45,3.18,3.63,39.61,0.3,0.5,0.9375,0.7296,0.2761,3.72,BEGINNER
537,31,21,0.6774,626.97,252,85.16,0.774,12.0,4.39,3.26,39.65,0.25,0.6429,0.9167,0.7909,0.2217,3.79,BEGINNER
538,16,10,0.625,494.44,303,50.0,0.7793,10.75,3.44,2.88,35.25,0.0,0.5714,0.75,0.7603,0.2588,4.28,BEGINNER
539,39,30,0.7692,499.0,206,352.1,0.8765,6.38,1.97,1.59,43.79,0.375,0.75,1.0,0.8502,0.1498,5.27,INTERMEDIATE
540,14,14,1.0,494.07,251,1309.5,0.9343,3.93,0.36,0.64,55.86,1.0,1.0,1.0,0.9493,0.048,6.78,ADVANCED
541,15,13,0.8667,695.4,306,161.33,0.7781,13.67,3.67,3.27,46.27,0.75,0.75,1.0,0.7834,0.2214,3.99,INTERMEDIATE
542,14,13,0.9286,614.93,231,1266.79,0.9594,2.36,0.57,0.93,54.64,1.0,1.0,1.0,0.9489,0.0545,5.33,ADVANCED
543,27,21,0.7778,474.37,182,327.07,0.8709,6.33,1.63,1.63,41.78,0.4286,0.8,1.0,0.8591,0.1504,5.28,INTERMEDIATE
544,35,33,0.9429,358.74,112,1527.23,0.9882,0.69,0.2,0.17,53.8,0.9444,1.0,1.0,0.9944,0.0037,9.0,EXPERT
545,28,16,0.5714,515.07,284,49.68,0.7623,12.0,3.79,3.5,36.71,0.25,0.5455,0.6923,0.7987,0.2192,4.28,BEGINNER
546,19,12,0.6316,424.37,241,319.58,0.8813,5.63,2.21,1.68,41.53,0.1667,1.0,0.8571,0.8788,0.1216,5.87,INTERMEDIATE
547,42,38,0.9048,566.07,130,1243.33,0.942,3.38,0.69,0.43,54.74,0.8667,1.0,1.0,0.9409,0.0586,5.8,ADVANCED
548,26,22,0.8462,491.0,205,87.31,0.7695,12.65,3.65,3.27,39.85,0.0,0.7778,0.8824,0.7677,0.2311,4.87,INTERMEDIATE
549,32,25,0.7812,466.66,226,299.28,0.8691,6.28,2.09,1.47,41.78,0.0,0.9091,0.875,0.8483,0.1512,5.37,INTERMEDIATE
550,19,15,0.7895,473.11,216,271.47,0.8654,6.84,1.58,1.47,42.63,0.0,1.0,1.0,0.8842,0.1176,5.41,INTERMEDIATE
551,15,12,0.8,532.47,179,785.13,0.9331,3.53,1.07,0.53,49.4,1.0,1.0,1.0,0.9359,0.0686,5.57,ADVANCED
552,13,7,0.5385,578.69,365,78.15,0.7697,12.23,3.69,4.08,41.69,0.0,0.625,1.0,0.7594,0.2347,4.32,BEGINNER
553,23,18,0.7826,420.65,169,253.65,0.8571,7.17,2.26,1.7,41.7,0.4,0.8,1.0,0.8678,0.1324,5.95,INTERMEDIATE
554,34,32,0.9412,643.88,152,1374.97,0.9453,3.24,0.53,0.79,56.97,1.0,1.0,1.0,0.9534,0.047,5.31,ADVANCED
555,16,15,0.9375,450.56,179,417.62,0.8709,6.94,1.69,1.44,46.44,0.5,1.0,1.0,0.8874,0.1186,6.18,INTERMEDIATE
556,32,24,0.75,627.31,266,28.25,0.7421,15.69,4.03,3.03,42.72,0.3333,0.7778,1.0,0.792,0.2088,4.09,BEGINNER
557,43,32,0.7442,519.58,247,46.28,0.7511,13.49,4.44,3.63,38.6,0.6667,0.5714,0.88,0.7793,0.2351,4.46,BEGINNER
558,40,38,0.95,595.6,163,1417.12,0.9528,2.88,0.6,0.47,57.02,1.0,1.0,1.0,0.9674,0.0328,5.74,ADVANCED
559,22,19,0.8636,538.18,218,499.68,0.8835,6.27,2.55,1.73,46.32,0.8,0.8889,0.875,0.8723,0.1311,5.16,INTERMEDIATE
560,45,40,0.8889,545.87,180,1285.13,0.9472,3.13,0.67,0.53,55.18,0.7222,1.0,1.0,0.9337,0.0685,6.06,ADVANCED
561,37,29,0.7838,456.86,180,388.32,0.8889,5.49,1.51,1.78,43.57,0.25,0.8235,1.0,0.9068,0.0954,5.72,INTERMEDIATE
562,27,21,0.7778,517.37,237,967.93,0.9457,2.81,0.63,0.89,49.85,0.5,1.0,1.0,0.9325,0.0653,5.78,ADVANCED
563,45,35,0.7778,466.24,207,356.64,0.8878,5.29,1.82,1.44,41.07,0.3333,0.875,0.9048,0.879,0.1244,5.28,INTERMEDIATE
564,18,17,0.9444,368.0,113,1474.28,0.9749,1.17,0.22,0.22,52.89,1.0,1.0,1.0,0.9849,0.0152,8.62,EXPERT
565,32,23,0.7188,567.22,289,107.62,0.7476,14.53,4.06,3.47,42.03,0.5,0.7143,0.7857,0.784,0.2121,4.45,BEGINNER
566,14,14,1.0,557.07,127,1372.93,0.9382,3.71,0.79,0.21,56.14,1.0,1.0,1.0,0.9279,0.0705,6.05,ADVANCED
567,32,29,0.9062,452.47,210,446.09,0.8874,5.59,1.53,1.97,43.78,0.0,0.9286,1.0,0.8822,0.1184,5.81,INTERMEDIATE
568,45,37,0.8222,644.93,136,1281.11,0.9432,3.51,0.64,0.78,56.53,0.8947,1.0,1.0,0.9491,0.0569,5.26,ADVANCED
569,22,16,0.7273,667.59,293,68.64,0.7483,14.77,3.95,2.23,42.82,0.5,0.6667,1.0,0.7538,0.2586,3.85,BEGINNER
570,31,30,0.9677,371.71,83,1765.16,0.9846,0.94,0.19,0.1,58.26,1.0,1.0,1.0,0.9908,0.0096,9.4,EXPERT
571,36,33,0.9167,542.97,145,1285.36,0.9502,2.89,0.61,0.56,54.31,0.8462,1.0,1.0,0.9699,0.031,6.0,ADVANCED
572,29,22,0.7586,507.59,209,340.41,0.8813,5.83,1.66,1.38,42.9,0.25,0.9,1.0,0.8924,0.1079,5.07,INTERMEDIATE
573,39,38,0.9744,394.26,110,1785.21,0.9849,0.85,0.1,0.18,57.1,0.9167,1.0,1.0,0.98,0.0149,8.69,EXPERT
574,17,15,0.8824,562.18,189,1240.65,0.9379,3.65,0.88,0.59,54.47,0.8333,1.0,1.0,0.934,0.064,5.81,ADVANCED
575,33,32,0.9697,429.58,140,1839.0,0.9842,0.91,0.06,0.24,58.3,1.0,1.0,1.0,0.9783,0.0225,8.14,EXPERT
576,34,24,0.7059,537.97,229,95.03,0.765,12.65,3.47,3.5,39.74,0.25,0.6364,0.9412,0.804,0.1797,4.43,BEGINNER
577,15,9,0.6,571.13,237,303.53,0.8857,5.33,1.8,1.4,39.47,0.25,0.8,1.0,0.8749,0.1224,4.15,INTERMEDIATE
578,45,37,0.8222,566.47,179,1204.69,0.9543,2.53,0.6,0.69,53.31,0.9444,1.0,1.0,0.9473,0.0539,5.65,ADVANCED
579,40,37,0.925,544.6,157,1291.67,0.947,3.1,0.72,0.35,54.88,0.8571,1.0,1.0,0.9534,0.0431,6.05,ADVANCED
580,45,39,0.8667,508.58,139,451.13,0.8887,5.93,1.82,1.89,44.56,0.75,0.8571,0.8947,0.872,0.1314,5.26,INTERMEDIATE
581,18,16,0.8889,366.11,135,1452.89,0.9795,1.0,0.33,0.22,51.28,1.0,1.0,1.0,0.9787,0.0179,8.4,EXPERT
582,29,28,0.9655,597.79,148,1440.59,0.9515,2.97,0.66,0.72,57.17,1.0,1.0,1.0,0.9548,0.0515,5.74,ADVANCED
583,15,9,0.6,513.2,299,74.67,0.7749,10.6,3.2,2.93,36.27,0.0,0.4,0.7778,0.7244,0.2905,4.24,BEGINNER
584,16,15,0.9375,397.81,185,370.44,0.8627,6.81,1.62,1.69,42.88,0.6667,1.0,1.0,0.8422,0.1639,6.47,ADVANCED
585,25,23,0.92,414.2,164,408.24,0.8752,6.16,1.36,1.28,42.0,1.0,0.8333,0.9375,0.8974,0.1053,6.08,ADVANCED
586,27,24,0.8889,593.93,199,1297.0,0.9519,2.81,0.63,0.67,55.04,0.875,1.0,1.0,0.96,0.0447,5.56,ADVANCED
587,32,32,1.0,329.28,116,1676.66,0.9893,0.59,0.12,0.16,56.19,1.0,1.0,1.0,0.9852,0.0135,10.24,EXPERT
588,37,34,0.9189,599.76,226,1277.27,0.9427,3.49,0.43,0.68,55.38,1.0,1.0,1.0,0.9166,0.085,5.54,ADVANCED
589,45,39,0.8667,522.36,149,1261.27,0.956,2.44,0.58,0.69,53.4,0.8667,0.95,1.0,0.9507,0.0511,6.13,ADVANCED
590,20,16,0.8,570.75,244,67.0,0.7583,13.3,3.85,3.9,39.2,1.0,0.6667,0.9167,0.7778,0.2416,4.12,INTERMEDIATE
591,25,25,1.0,430.6,107,1975.8,0.9807,1.2,0.04,0.32,60.24,1.0,1.0,1.0,0.9843,0.0162,8.39,EXPERT
592,30,30,1.0,605.83,234,1498.07,0.9467,3.33,0.57,0.67,58.67,1.0,1.0,1.0,0.9484,0.052,5.81,ADVANCED
593,20,19,0.95,524.75,247,613.3,0.8724,7.5,1.4,1.2,49.25,1.0,1.0,1.0,0.8803,0.1136,5.63,ADVANCED
594,37,36,0.973,633.49,175,1548.59,0.9422,3.84,0.62,0.62,58.65,0.9333,1.0,1.0,0.9456,0.0588,5.55,ADVANCED
595,25,25,1.0,600.28,185,1538.12,0.9496,3.12,0.72,0.48,58.4,1.0,1.0,1.0,0.9584,0.0419,5.84,ADVANCED
596,30,17,0.5667,555.2,232,39.43,0.7674,13.33,3.4,3.17,39.9,0.0,0.7273,0.6923,0.7232,0.29,4.31,BEGINNER
597,42,33,0.7857,578.26,284,58.81,0.757,13.62,3.55,3.67,40.29,0.25,0.7333,0.9545,0.7473,0.2585,4.18,BEGINNER
598,45,28,0.6222,532.36,221,50.64,0.769,12.38,3.44,3.62,38.13,0.3333,0.375,0.8696,0.7372,0.2659,4.3,BEGINNER
599,27,21,0.7778,611.7,142,1084.96,0.9449,3.22,0.37,0.52,53.7,0.9,1.0,1.0,0.9575,0.0382,5.27,ADVANCED
600,17,11,0.6471,527.0,242,431.29,0.8889,5.88,1.12,1.59,42.12,0.5,0.5,0.7,0.8662,0.1569,4.8,INTERMEDIATE
